name,age,street,city,state,zip,lng,lat
Christopher Webb,76,34410 Jose Gardens,Cherylmouth,Oregon,84514,-148.690317,-66.213900
Xavier Pitts,33,1187 Harvey Parkway,Joycetown,Indiana,76792,-5.282856,33.2865845
Mrs. Amy Summers,68,1606 Wilson Station,Port Jenniferville,Kansas,57539,-167.560046,6.328679
Erica Wagner,23,176 Johnson Ranch Suite 853,Lake Coreyville,Missouri,01322,-164.214509,-83.5160895
Robert Gamble,22,09984 Lang Underpass Apt. 708,West Sherriburgh,Oregon,02306,-158.797829,62.443278
Maurice Carlson,20,8604 Jason Prairie Apt. 109,Dillonton,Washington,30459,-113.191416,54.704230
Jennifer Smith,68,23399 Rowe Roads Apt. 276,Lake Susanstad,Indiana,29413,-163.741051,85.527898
Emily Mendez,25,40736 Misty Shoals,New Christopherview,Arkansas,24110,-80.601405,24.8571335
Daniel Bernard,66,076 Watts Plains Suite 485,Lake Kimberly,Maine,86723,-107.857126,2.3179035
Trevor Sanchez,40,937 Christopher Trail Suite 810,Moralesfurt,Utah,58111,115.663847,70.709152
Diane Morrison,36,415 Christopher Lake Apt. 631,Lake Erikaville,New York,99698,128.365689,-82.6801765
Lisa Diaz,55,9944 Randolph Skyway Apt. 861,Donaldsonmouth,Indiana,84739,25.812838,-54.9072585
Heather Clark,43,0232 Brady Circles,New Heather,South Carolina,72367,-118.774796,4.036192
Brian Ayala,40,215 Archer Square Apt. 716,Lynchmouth,Illinois,92630,16.733233,-25.987919
Randy Sherman,35,851 Burns Square Apt. 241,Brianabury,Mississippi,14202,-153.806726,-87.2602365
Tanya Mccall,36,45966 Pierce Village Apt. 134,Tarastad,California,51459,-119.693690,-32.6214795
Jeffrey Cox,53,453 Audrey Stravenue,Dodsonstad,South Carolina,57879,65.137178,40.030250
Mark Simmons,56,7639 Shannon Union,Danielside,Arkansas,49504,-144.961614,22.794290
Joshua Jordan PhD,71,9951 Jordan Flat Apt. 858,Nathanberg,New Mexico,73591,62.325590,-48.8773905
David Rodriguez,74,118 Alexandria Mount,North Cynthia,New Jersey,15921,-2.795803,31.7665735
Kimberly Wong,47,26917 Adams Port,Lake Fred,Virginia,29307,29.807920,53.688451
Desiree Simpson,43,5530 Jennifer Stream Suite 747,Port Steven,Alabama,21974,173.009771,-17.6198395
Kimberly Hughes,42,331 Travis Meadow,North Matthewchester,Oklahoma,20775,-1.815375,22.3472495
Mary West,36,0488 Emily Pike Apt. 185,Lake Sara,Texas,82285,150.047601,-12.9836985
Gregory Ross,45,47074 Watkins Bridge,Lake Ronald,Mississippi,28809,133.937185,-45.1510125
Miss Amy Logan,29,0170 Jasmine Mill,Macdonaldstad,Montana,73100,91.713585,-73.4842395
Andrew Myers,64,797 Julia Dam,Angelaview,Maryland,32824,112.350032,51.781308
Brandon Curry,73,24523 Hughes Track,Barrettburgh,North Dakota,01797,129.410804,47.0530135
Kristin Cohen,69,471 Hensley Road,Swansonton,Louisiana,81392,179.578543,71.1214975
Jessica Gonzales,42,72974 Richard Springs,North Arthurhaven,South Carolina,22911,-161.859905,87.791465
Robert Jones,79,2450 Thomas Shore Suite 868,Port Tonyaview,Virginia,69216,101.139641,-34.7722425
Miguel Fleming,56,73866 Campbell Estates,West Carrie,Oklahoma,71550,-114.975751,85.362284
Paul Pittman,35,85718 Williams Crossroad,Glennton,South Dakota,64553,10.145669,68.6651845
Cassandra Johnson,77,455 Christopher Groves Apt. 301,West Christinaside,Oklahoma,63759,-84.245609,-15.352079
Kenneth Smith,57,8633 Shane Via,Charlesmouth,New Hampshire,07486,28.808660,9.131887
Erica Velazquez,51,0423 Kimberly Orchard,New Melissafurt,Montana,47251,-136.692624,61.485223
Cynthia Garrett,21,86402 Ryan Cove,Proctorberg,Alaska,18747,61.837632,-48.431002
Randy Mercer,19,482 Wiley Plaza,Rossmouth,Georgia,91697,163.469838,-66.356537
Christopher Garcia DVM,57,86330 Christopher Neck,Lake Karenmouth,Florida,99488,66.687853,-7.3489855
Clayton Kelly,64,4546 Tina Circles Apt. 477,Lake Gloria,Florida,33230,-156.651186,-3.9294395
Rachel Diaz,66,041 Carlson Oval Apt. 838,South Pamela,West Virginia,80837,153.190054,56.474808
Kimberly Castillo,24,90666 Elizabeth Pine,Jeremyhaven,Pennsylvania,89299,25.141111,-42.452486
Carlos Smith MD,56,911 Bailey Drives Suite 473,Lake Amber,North Dakota,98035,142.673176,79.5928185
Jamie Martinez,72,36455 Larry Crossing,Nancyhaven,West Virginia,58714,40.384689,10.960102
Rebecca Bowman,68,097 Walker Wall,Rodneyside,Florida,42768,-53.702329,5.3685945
Justin Carter,46,6623 Johnson Mountains,Rogerstown,Nebraska,10326,-23.580397,-18.647097
Paul Williams,63,87739 Walton Throughway Apt. 046,Robertton,Georgia,13371,74.610622,-42.8104955
Jason Hernandez,64,614 Morgan Prairie Suite 964,Port Troyview,South Carolina,99818,-25.363053,76.3862365
Brian Woods,65,834 House Wells Suite 505,East Alex,Utah,75398,-117.740468,-25.339885
Christina English,21,5812 Colon Cape Apt. 295,West Deniseberg,Georgia,15101,23.280930,-61.213958
Anthony Moses,21,897 Anthony Fork,Priceshire,Mississippi,39190,-39.620784,20.733710
Claudia Bernard,68,32959 Hoover Ramp Apt. 783,Hannahville,Florida,67799,117.320288,-24.853354
Zachary Green,54,44772 Michael Falls Suite 372,New Frederickberg,North Dakota,82982,-25.821723,61.432078
Nicole Mason,71,263 Ellis Estates,Paulaburgh,Alaska,80542,-8.303642,-72.2274675
Willie Wilson,80,4443 Smith Mountains Apt. 462,East Thomas,Florida,39063,104.985927,-58.0820985
Brenda Morales,47,791 Chavez Lane,East Geraldshire,New York,70766,-44.697721,3.3980205
Phillip Jones,42,20649 David Crest Suite 432,Tamaramouth,Florida,05452,117.157086,25.0136265
Lisa Delgado,63,81855 Dustin Circles,Villegasland,Montana,64766,120.695070,59.404518
Jacqueline Warren,72,05949 Bell Alley Suite 307,Christopherport,Tennessee,84625,45.270901,-12.274521
Maria Baird,66,503 Denise Fields,East Peggy,Georgia,17616,-75.521864,-43.374670
John Baldwin,21,6084 Bryan Groves Suite 131,Weaverhaven,Kansas,80342,9.642986,49.5534945
Joshua Johnson,65,2679 Choi Plaza,New Davidburgh,Arizona,28500,-143.900415,77.511588
Donald Lewis,64,0530 Brock Corner,New Jay,Mississippi,48441,-114.954758,-71.6546575
Melissa Johnson,24,50168 Richardson Flat Suite 965,Wrightmouth,Minnesota,40608,-140.310188,-89.554475
Timothy Wheeler,42,65876 Heather Port,Glennchester,Illinois,99388,-115.987272,-61.2310225
James Welch,73,41528 Cassandra Squares Apt. 680,Michaeltown,New Jersey,08742,158.480111,18.499824
James Oliver,37,2176 Abigail Meadows,Jennifermouth,California,16731,27.172590,25.937094
Joanne Coleman,59,8584 Boyd Valley Apt. 295,Lake Christopherton,Alabama,49022,76.129405,87.345564
Karen Elliott,65,001 Clements Cape Suite 085,Wandahaven,Texas,32029,-144.820489,-10.3610015
Alicia Lopez,36,178 Barnes Locks,Scottside,New Jersey,90276,41.693597,-15.312992
Laura Simpson,54,04511 Brandon Extensions,East Briantown,Ohio,39062,41.177735,-76.7540775
Catherine Rice,68,99990 Le Mission,West Joseph,Alaska,99508,-48.133188,9.0935675
Stephen Porter,19,351 Christopher Parkway,Kevinville,Wyoming,18975,31.077037,-78.308486
Christy Mendoza,59,282 Myers Center Suite 312,Jeanetteview,Nebraska,73539,-50.358333,0.8748175
Aaron Allen,54,6621 Meyers Plains Apt. 084,Jefferyville,Iowa,50204,154.213809,37.574302
Kathleen Oconnor,59,72369 Denise Lodge Suite 809,Gregoryside,Ohio,60681,-95.082561,-6.667376
Jeffrey Chapman,29,61439 Kristen Landing,Port Katherine,Arkansas,15922,84.280496,-11.666336
John King,40,2385 Le Ranch,Port Kristina,Oregon,00652,77.837505,-30.0846175
Alexis Roberts,28,080 Deanna Trail Suite 547,Deckerchester,Nebraska,38657,92.134982,-41.5108525
Mark Williams,59,547 Katrina Ranch,West Sandyberg,Nevada,75593,167.426365,17.352044
Kathy Cox,46,02793 Mills Row,West Tara,West Virginia,00878,-97.220877,-25.658115
Logan Hayes,59,56955 Stefanie Lock Apt. 325,Miguelmouth,Georgia,64272,-35.364835,-53.3169545
Peggy Thompson,80,201 Madison Locks,Derrickhaven,Maryland,97194,62.152443,15.7530265
Maria Stone,39,5661 Boyd Forges,North Robertview,Nebraska,73162,99.168262,-2.730563
Jennifer Smith,44,80321 Kim Fall,West Juanshire,Mississippi,99402,173.276209,13.0473835
Calvin Daugherty,25,0929 Vanessa Manor,Lorifurt,Montana,94920,14.794358,-75.761934
Alexis Clark,73,93993 Curtis Manors Suite 188,Christineton,Iowa,16208,39.997934,54.323169
Calvin Dougherty,21,3294 Tonya Villages,Tuckerport,California,41451,-34.352329,-54.010088
Jared Rivers,56,367 Darren Flats,East Francisco,Alaska,17977,101.774320,-87.261752
Jessica Gutierrez,31,381 Sabrina Locks Suite 114,North Clinton,Virginia,82594,-42.319969,4.1272965
Donna Wheeler,47,630 Lisa Knolls,Port Ethan,Illinois,23290,135.115476,13.035482
Christopher Marks,61,027 Owens Unions,North Frederickberg,Rhode Island,15372,-170.649548,-41.0007995
Robyn Joseph,50,6756 David Grove Suite 945,Petershire,Idaho,18117,-85.577755,88.956610
James Frank,63,199 Edwards Courts Suite 507,Lake Andrew,Louisiana,78833,-63.185889,56.286297
Alexander Thomas,74,14832 Jennifer Squares Suite 782,Emilyhaven,Delaware,69967,69.942456,51.140942
Alicia Jordan,55,77486 Clark Causeway,Jonesstad,Ohio,39476,-115.886082,-88.710434
Heather Barnes,56,77751 Kevin Dale Suite 527,West Corey,Maryland,69091,-64.852535,-36.629246
Taylor Hall,67,66489 Brittney Centers Apt. 983,Collinsside,West Virginia,03795,6.185563,-40.471031
Taylor Gibbs,41,35028 Mason Radial,Port Ethanberg,Alaska,46878,-23.774704,79.4215835
Peter Clark,68,66844 Arnold Stravenue Apt. 981,New Bobbyville,Missouri,76249,-79.076305,54.8289695
Paige Simon,33,7449 Herring Mountain Apt. 566,Joelberg,New Jersey,02508,-28.515940,10.5530405
James Walker,24,747 Phillip Roads Apt. 513,New Jason,Indiana,68424,-137.651146,31.2883035
Kristina Bowen,79,01304 Kimberly Greens,Christianville,Oklahoma,16900,83.911414,-60.298458
Nicholas Mack,34,205 Potter Canyon,Gomezberg,Ohio,03871,161.758422,-0.3247165
Veronica Burgess,20,07413 Christopher Court,Juliestad,Minnesota,54925,113.799809,18.928292
Jeffrey Martin,59,9872 Renee Lodge Suite 546,East Jamesburgh,Tennessee,30042,83.643668,14.727610
Christopher Hernandez,48,18454 Stephens Parks Apt. 498,Anneborough,Virginia,81138,-3.201988,-13.9029765
Thomas Stokes,72,74720 Norman Fields,Port Douglasfurt,New Jersey,95516,-136.669668,42.2221935
Roy Wilson,66,3101 Lewis Cliff,Lake Alexis,Texas,61038,-151.895772,-11.158811
Mary Olsen,51,791 Julie Estates,West George,Maine,34189,-64.446257,-10.4693115
Jonathan Parker,67,981 Vanessa Ford,Shawside,Maine,50887,43.785183,-56.470006
Aaron James,55,027 Jerome Prairie,Tinaborough,Georgia,76453,-113.497281,22.0220735
Kimberly Hoffman,27,0940 Reynolds Port,Margaretberg,Colorado,67955,-14.275794,-41.189373
Kimberly Olson,26,029 Danny Branch Apt. 470,Willisborough,Iowa,64188,-2.279192,9.8475395
Joseph Harrison,52,619 Weiss Falls,North Erinland,New Mexico,47592,174.911301,76.194537
Allen Williams MD,80,09264 Ricky Tunnel Suite 710,Petersonview,North Carolina,47932,111.577137,-83.959540
Ms. Patricia Ortiz MD,59,52911 Bryan Wall Suite 744,North Nicholaston,New York,02280,-47.695339,25.4807065
Bonnie Brooks,58,795 Johnson Glen,East Daniel,Hawaii,08809,-166.722326,72.698566
Nicholas Evans,53,80362 Kathryn Parkways Suite 809,Millerside,Minnesota,20976,-108.232764,-29.195729
Amy Gonzales,42,883 John Plains Suite 758,South Scott,Michigan,33682,69.573950,57.5757375
Sheila Mason,63,16965 Joshua Squares Apt. 662,East Sarahville,Tennessee,52853,49.275257,-18.6153705
Karl Wells,39,1122 Castro Station,West Timothymouth,Kansas,44322,-168.513452,-27.8430745
Julia Robinson,27,9190 Elizabeth Glens Apt. 401,Port Jason,Rhode Island,36037,-61.107921,43.6167455
Emily Vargas,61,726 Kimberly Glens Suite 627,Port Darrenhaven,New Mexico,35780,-64.224274,81.7701325
Jason Crawford,36,0636 Alexander Light,Johnsonfort,Massachusetts,74068,88.106146,66.354463
Alicia Byrd,80,986 Jose Heights,Port Jessica,Arizona,28587,-32.905185,17.032531
Laura Fisher,53,38139 Kevin Spurs,Port Debra,Missouri,65740,-39.559318,62.865681
Laura Cowan,34,588 Phelps Light Suite 786,Davidfurt,Virginia,15355,-9.544855,-15.4584585
Michael Barnes,19,57124 Medina Crossing Apt. 979,Stokeschester,New Jersey,30278,70.089088,-82.471809
Anthony May,74,44516 Brown Crest Apt. 665,Amandafurt,Montana,88051,90.646006,-86.4275505
Matthew Foster,43,1605 Corey Manors,Larsonville,Alaska,43702,-135.579778,-85.2163615
Melissa Reynolds,38,4628 Spence Spur Apt. 822,Taylormouth,Vermont,37604,-148.219694,30.357504
Stephanie Ramos,77,478 Wendy Shoal Apt. 111,Port Kathy,Texas,98292,-29.587514,5.208320
Wendy Scott,18,956 Gutierrez Mall,New Kellyhaven,Georgia,69624,-33.631492,-43.2619375
Brittany Moore,23,868 Dennis Cliff,Port Sarahchester,Wyoming,06594,138.711625,-0.0417785
Rodney Jackson,62,1182 Patrick Track,Jocelynland,Nevada,65532,130.951893,-84.780641
Lisa Salinas,51,4120 Andrea Harbors,Dustinbury,Florida,05709,119.087008,-12.301950
Noah White,51,3124 Garza Park,Albertton,Rhode Island,21496,-109.902671,19.1290185
Julia Silva,20,15976 Michael Ford,Jacksonport,Michigan,95722,45.132568,-73.276486
John Brady,27,5641 Marcus Villages Suite 603,Lake Wesleymouth,Connecticut,52799,173.394989,64.7460005
Lindsey Bryan,69,68583 Thomas Unions,Port Tammy,Tennessee,72209,152.104741,-4.9217925
Robert Sparks,21,4618 Chelsea Unions Suite 688,Lake Stacy,South Carolina,75295,84.560121,6.969663
Rhonda Smith,24,68436 Tracy Road Suite 998,West Julia,Kansas,81683,-61.888479,88.294936
Kathleen Weber,67,50594 Martin Turnpike Suite 956,North Samantha,Maine,08976,87.979247,-84.3765575
Dr. Linda Li MD,77,5122 Jones Gateway Suite 486,Lake Danielle,Oklahoma,52757,-54.329997,87.8153515
Laura Erickson,64,121 Davis Park Apt. 331,New Donna,Colorado,11639,-152.630047,-13.7476495
John Osborne,56,977 James Burgs,Davisstad,Nebraska,93445,-113.191724,-35.2988545
Tyler Lang,33,5577 Robinson Summit Apt. 692,East Ann,Oklahoma,71195,178.930883,-67.8837565
Jamie Shaw,21,1775 Salazar Fords Apt. 791,Fryeborough,Arkansas,52884,-32.211756,-65.6075195
Richard Velazquez,33,43436 Schultz Fort Suite 955,New William,Virginia,34155,-172.127535,-24.599389
Laura Rios,32,412 Castaneda Crescent,Smithshire,Arizona,58216,-156.328570,-15.394471
Jacob Holland,50,34191 Romero Courts Suite 433,Harmonstad,Wyoming,15559,7.862508,-11.506021
Shannon Smith,38,70405 Claudia Turnpike Apt. 051,North Benjaminmouth,Ohio,02512,-6.017906,64.2402855
Christina Lewis,66,327 Vaughan Junctions,New Davidfurt,Indiana,89372,-66.938397,-49.6380715
Sarah Lopez,45,9672 Jason Plains,Michaelberg,New Hampshire,63435,166.747871,53.4597855
Brandon Thomas,52,548 Fisher Motorway Apt. 696,South Alexandraland,Kentucky,82123,-15.857329,-46.8539665
Lori Barnes,80,864 Miranda Greens,East Julie,Oregon,20790,81.509930,-14.7287345
Patrick Lewis,39,455 Kevin Parkway,Marvinmouth,Hawaii,67574,110.873970,-25.5771895
Andrew Hayes,51,397 Martinez Mountains Apt. 032,Raymondfurt,Arkansas,29836,-118.699824,75.096104
Eric Smith,52,882 Joshua Tunnel Suite 233,Seanville,West Virginia,57854,103.926569,-10.9865115
Michelle Gonzalez,66,41146 Teresa Shores,Lake Wendyton,Illinois,13502,-18.152302,22.155950
Ronald Rodriguez,20,13358 Alice Orchard Apt. 836,Brewershire,Maine,91345,129.014339,42.505083
Steve Wyatt,33,6368 Jefferson Well Suite 285,Salazarburgh,Michigan,86011,-79.090205,48.493040
Jordan Bailey,42,007 Edward Manors Suite 609,Heathertown,Minnesota,81914,-56.334733,2.8035325
Jody Douglas,53,62711 Sean Shoals,Thompsonstad,Massachusetts,55424,-130.245055,-22.0137815
David Mckee,44,2944 Valerie Views,North Ericastad,Maryland,78117,165.006491,-56.780022
Theresa Allen,21,330 Jeremiah Estates Suite 733,Dianeland,Indiana,90543,7.267868,-2.847808
Jeffrey Mercado,21,507 Jessica Corners Apt. 652,Reidmouth,Hawaii,29907,-147.459101,75.0275215
Joel Taylor,62,1691 Rodriguez Roads,Spencerview,Nevada,61317,55.852795,49.5155695
Kristen Valentine,37,96983 Smith Views,Port Seanhaven,Indiana,23788,-141.360585,-23.741572
Sarah Hooper,40,795 Samantha Pines Apt. 492,Kathrynberg,Pennsylvania,32659,61.544688,88.707143
Eric Mccullough,74,30854 Julie Manors,Brooksbury,Nebraska,03798,154.312670,33.548619
Anthony Bender,38,16435 Liu Flat Suite 349,West Nicole,Indiana,47170,55.144339,-75.7602705
Patrick Henry,55,97620 Hunter Manors Apt. 007,Jamestown,Virginia,34891,42.364267,-25.527552
Marcus Miller,74,06962 Clark Inlet Apt. 308,Gallegosstad,Ohio,81399,-146.129616,-26.6917975
Tyler Estrada,44,9517 James Ramp,East John,Hawaii,69909,-176.186673,-53.556274
Matthew Burns,47,00401 Kimberly Heights Apt. 347,North Georgemouth,Mississippi,27082,-159.855448,-55.9444365
Lori Brown,23,570 Timothy Ville Suite 246,Georgeville,Minnesota,17758,102.781195,-23.354516
Denise Frye,52,83999 Weber Roads,Phillipschester,Colorado,46912,126.030233,-81.256209
Steven Evans,67,754 Erica Plaza,Danielsfort,California,21240,52.858316,62.902123
Ashley Moss,29,1207 Linda Loop Apt. 225,Delgadoburgh,Maryland,94424,18.755066,-36.557960
Kyle Brown,40,834 Dale Gardens Apt. 372,Longborough,New Jersey,60338,-177.814015,-10.004492
Jennifer Mullins,42,05840 Gonzalez Squares Apt. 590,New Antonio,Massachusetts,50774,-15.600464,-81.5221465
Julie Kim,64,0510 Tyler Square,Castanedaside,Texas,24922,-32.177374,-14.715716
Brittney Bell,32,6417 Nicole Road Apt. 825,South Brandiburgh,Nevada,50186,34.118181,-7.511724
Luke Hodges,78,03526 Jean Squares Apt. 724,New Patricia,Wyoming,48095,59.099881,-25.9108965
Anita Richard,22,6467 Bishop Shores Suite 099,North Rebecca,Illinois,95466,104.657629,-21.701707
Michael Mcpherson,72,69407 Robin Viaduct,West James,Arizona,66125,166.913663,-69.4829895
Heather Shelton,55,969 Larry Flats,North Kimberly,South Carolina,33286,15.824683,48.0052575
Ronald Barnett,30,509 Mcmillan Branch Apt. 183,North Jennifer,Vermont,93385,2.581267,53.220987
Sandra Santana,32,38079 Harrison Rest Apt. 172,Masonport,Hawaii,90622,-82.051000,-65.395675
Audrey Fields,46,1849 Allen Rue,Port Cynthia,Iowa,27822,-39.190569,-69.054145
Yvonne Owen,41,36840 Joel Forges Apt. 014,New Robert,Delaware,68343,-84.381204,-47.5116065
Diana Roberts,61,29425 Adams Light Suite 458,Christinachester,New Mexico,85861,28.242645,56.162818
Barbara Joseph,68,801 Janet Land,Cortezhaven,New Hampshire,87310,87.243151,11.665769
Brad Thomas,32,38446 Mallory Ports Apt. 277,Shannonmouth,Illinois,45804,-131.906423,-36.0837785
Rachel Barry,36,89940 Alan Land Apt. 114,Jordanton,Delaware,43280,93.720158,41.656015
William Chavez,26,722 Kristen Curve,Sarafurt,Idaho,03400,12.120845,9.0419315
Carol Mills,71,0151 Richard Locks Apt. 580,Lake Tylerburgh,Kentucky,49141,107.619199,69.199708
Kevin Dean,46,628 Rachel Views Apt. 554,Josephland,Colorado,31905,-1.004523,24.9415205
Cynthia Johnson,38,110 Guerrero Prairie Suite 901,Lauraville,South Carolina,49379,54.730666,-46.582883
Tamara Thomas,37,42510 Becker Plains Apt. 053,Perezside,Arkansas,21613,61.310676,54.563331
James Jackson,42,19121 Tucker View,Leonardville,Wisconsin,31229,107.621314,-23.365339
Whitney Hawkins,19,81829 Nicholas Row,North Bradleymouth,Michigan,41630,-48.941542,66.035813
Tamara Murphy,23,549 John Row Suite 261,East Kristopher,Minnesota,71841,111.923638,61.9549495
Virginia Jones,35,7568 William Point Suite 631,North Emilyland,Georgia,43935,-7.859626,-3.437446
Stephen Buchanan,57,1656 Lester Shoals Apt. 563,East Katherine,New Hampshire,92948,-72.674635,-17.831795
William Pacheco,53,551 Hoover Greens Apt. 974,Stevenstad,Delaware,21163,77.517763,-87.713815
Nicole Obrien,40,82372 Christopher Streets Suite 986,Steventown,Alaska,80537,27.627603,-82.244829
Jennifer Parsons,52,43424 Edward Pines Suite 935,Loriland,Delaware,74668,24.381318,8.0115455
Anthony Wright,61,84114 James Courts,West Jenniferhaven,New Hampshire,58458,18.166575,44.7842405
Teresa Young,42,91839 Brandon Stravenue,Jacobstad,Oregon,01369,65.764820,61.1965935
Brian Hayes,35,4105 Cindy Groves,West Vanessaland,Arizona,67444,172.439073,-20.974919
Debbie Wolfe,45,0754 Laura Mount Suite 733,Williamsmouth,Maine,08708,-96.517228,-82.165627
Margaret Lamb,68,1726 Quinn Terrace Suite 173,Patriciaburgh,Pennsylvania,29854,75.021404,-68.899948
Blake Meyer,38,2058 Holder Station Suite 110,New Stevenfort,Oregon,31338,72.835578,-74.4781695
Joshua Schultz,79,4225 Johnson Roads,Lake Lisaside,Louisiana,07018,127.454679,-23.4353165
Kevin Kennedy,59,616 Solis Stream,Lake Christinaview,Texas,81975,-118.327179,54.7311765
Daniel Collins,27,98883 Buck Summit,Christensenhaven,Mississippi,82035,-13.953900,-64.393995
Jacqueline Foster,76,0468 David Divide,West John,Florida,05732,88.782949,-75.636736
Heather Williamson,74,905 Moreno Shoals Suite 580,Stevensmouth,Texas,07028,100.508144,71.6102415
Misty Andersen,46,61189 Cunningham Port Apt. 060,Lake Andrea,Louisiana,85401,112.143640,25.573848
Nancy Sanchez,73,5538 Adams Islands,Emilyland,West Virginia,50971,134.365160,4.125146
Melissa Dominguez,41,82590 King Flat,North Heidiport,Hawaii,07529,66.955871,47.106620
Melissa Parker,54,495 Matthew Row Apt. 462,Port Emily,Florida,24073,96.162116,-29.7139515
Miss Samantha Ford,25,0855 Debra Key,Port Jamesmouth,New York,74295,92.035249,-79.0738715
Jacob Stout,43,139 Andrew Valleys,New Jonathanstad,Michigan,42390,84.534216,-3.557349
Vanessa Bass,41,88103 Brown Cliff,Suzanneville,Rhode Island,52145,136.640372,-15.959344
Sierra Wilson,58,393 Carrie Prairie,Stokesport,Nebraska,21832,-57.086732,34.661432
Bradley Floyd,28,63426 Michael Green,West Rachaelfort,Ohio,51502,-48.806720,79.839263
Jason Hamilton,24,631 Warren Road Apt. 973,Taylorfort,Kentucky,76971,-134.542129,63.1414155
Veronica Griffin,24,8660 Cynthia Plains Apt. 024,Camachoport,Missouri,55691,0.050563,27.0915045
Nicholas Rivera,38,1909 Zachary Extensions,Johnsonmouth,New Jersey,70932,60.572133,39.945599
Erin Mooney,51,88352 Kristin Falls,Edwardshaven,Maine,83238,-109.726277,76.7580235
Patrick Thomas,79,9795 Dustin Falls,Huertaton,Indiana,13001,119.700528,-57.2566355
Amanda Martin,39,22240 Adam Park,New Amandaberg,Delaware,64583,7.242754,-46.304717
Kristina Gordon,41,873 Smith Unions Suite 951,Lake Michelle,New Hampshire,05117,18.199049,-80.8994345
Charles Barnett,54,159 Campbell Corner,South Joestad,Massachusetts,40083,94.750408,52.8725455
Jason Lane,28,7747 Marc Mills,Dayville,Utah,58827,169.724527,33.194669
Deborah Wiley,24,35481 Moss Turnpike Apt. 580,Corymouth,Connecticut,48847,34.319409,-29.285750
Joseph Harmon,56,312 Brennan Garden,Pamelashire,Wyoming,73017,88.813786,-1.5736175
Deborah Carlson,21,72333 Carolyn Spring,East Jon,Montana,36553,169.883398,25.7387945
Steven Smith,19,44332 Sanchez Run Apt. 514,North Lisaside,Georgia,63599,132.548968,6.8973335
Mario Sanchez,32,5733 Williams Fall Suite 115,North Troyhaven,Tennessee,14694,-154.660609,-87.383395
Janet Aguilar,42,8187 Patricia Point Apt. 515,Greeneberg,Rhode Island,31387,-48.863391,44.3015875
Dana Williams,71,018 Wiggins Island,South Erin,Tennessee,87567,129.519273,76.9813275
Emily Clark,45,63130 Sarah Viaduct Apt. 912,Jacobsland,Louisiana,12709,-87.346521,63.8003515
Steven Palmer,79,020 Donald Lane,Randolphstad,New York,57289,119.074801,61.823818
Brad Odonnell,27,07303 Bowman Crest,Andrewland,Wyoming,74802,84.578753,30.409248
Peter Mendoza,55,9873 Matthew Spring,Woodland,Idaho,44496,165.461366,20.376185
Cameron Jenkins,80,483 Christopher Islands,Smithbury,Oregon,59548,29.922281,-66.867674
Heather King,80,6154 Gonzalez Views Suite 520,New Beverlyfort,Michigan,82066,15.249083,-2.0430895
Jeanne Luna,34,03619 Williams Viaduct Suite 261,Rogersshire,Maine,51289,-5.690269,-83.359288
Gina Norton,41,886 Ann Wells Suite 678,Jillborough,Michigan,73829,-146.026814,3.8297585
Deborah Johns,64,86174 Jessica Village,South Emily,Maryland,67689,-33.600165,-4.6628605
Sean Kane,49,2065 Shelby Shores Suite 133,South Lisa,Maryland,96033,-82.710217,22.022261
Susan James,42,375 Madison Harbor,North Gabrielleshire,Georgia,90759,43.642326,14.7648635
Seth Wood,44,3076 Carlos Port Apt. 169,Tinaview,New Jersey,30751,-167.073047,-2.0382375
Theresa Hardy,39,5238 Deborah Road Suite 755,Danielshire,South Carolina,24502,-54.148237,36.964595
John Johnson,29,379 Downs Plains Apt. 236,East Brett,California,93566,-154.439383,-42.986727
Andrew Lee,40,61205 Sandoval Glens Apt. 944,Ashleyport,Alaska,29737,-22.250544,1.2789055
Christopher Winters,61,2799 Mccall Cape,West Dustintown,New York,71812,-35.493956,-14.080377
Alexis Maynard,32,76011 Anthony Bypass Suite 431,South Annborough,Minnesota,07752,77.063753,-68.4463535
Kurt Mack,44,9002 Valenzuela Roads,West Kristineborough,Virginia,98343,-84.506499,14.465028
Francis Dawson,30,212 Kevin Spring,Olsenton,North Carolina,93794,-123.100552,-84.5336775
Michael Saunders,79,0935 Jonathan Avenue,Port Gregoryfurt,Delaware,96476,-45.381501,83.358631
Debra Torres,43,6594 Suarez Street,Ericaview,Maine,30982,-79.264273,-80.8245915
Scott Carr,26,22322 Melissa Fords,Harrisville,Wyoming,45147,-51.691918,-2.3191965
Theresa Miller,52,989 Dustin Village Apt. 386,West Gordonchester,Connecticut,81620,111.395772,-44.740263
Jeremy Burton DVM,41,63256 Walter Gateway,New Scott,Iowa,28645,19.348005,-20.106105
Craig Lopez,20,5730 Wells Plains,Marcmouth,Indiana,50229,111.191670,-5.814357
Jessica Leonard,33,661 Potts Mission,New Taylorstad,Nebraska,41888,-36.054722,-79.270608
Jake Morgan,50,88226 Sara Bridge Apt. 050,North Masonton,Rhode Island,09535,70.514809,-64.8667845
Nicole Bowers,23,9331 Michael Mills Apt. 822,South Jonathan,Tennessee,03820,158.626019,-77.9964495
Mrs. Kimberly Walker,27,34282 Beth Grove,North Matthewshire,North Dakota,99543,162.728068,69.866648
Jonathan Davis,35,929 Collier Villages Apt. 745,New Timothy,Arkansas,22268,-179.710898,-82.5790185
Mallory Donovan,56,18714 Taylor Bridge,Shannonberg,Alaska,96693,179.008161,-39.897540
Renee Stevens,25,980 Monica Views Suite 909,New Pedrofort,Idaho,37667,139.600561,-52.025610
Travis Kelly,72,12817 Monica Prairie,Linmouth,Mississippi,58765,83.013574,41.741042
Thomas Fowler,66,7393 Taylor Ford Apt. 680,Rodriguezhaven,Illinois,10276,48.001444,28.3771645
Leslie Baker,21,05445 Sherry Fields Suite 536,West Leslie,Virginia,40690,-33.432139,40.664263
John Davis,78,3692 Marshall Field Apt. 776,New Mary,Oregon,94646,69.025334,86.005050
Kristin Bennett,35,147 April Square Apt. 590,Lake Williamberg,Arkansas,17687,95.543446,-79.3017175
Dr. Gerald Holloway,62,682 Carter Cliff Suite 909,Elijahview,Maine,71296,-2.185430,-70.807145
Nicholas Simmons,57,5806 Foster Forks,Millerfurt,Idaho,62644,117.383190,-31.575021
Anthony Salas,47,789 Waller Park Apt. 573,Williamsview,Idaho,96473,10.937731,-48.8549555
Tony Hall PhD,35,2493 Christopher Island,Katelynland,Georgia,72829,86.696122,21.957859
Karen Escobar,28,964 Orozco Pass,East Robertaport,Delaware,55862,78.453314,-77.154837
Glenn Mcdonald,74,3428 Donna Flat Apt. 313,Tylerville,Maryland,07828,6.007187,-77.9862675
Rebecca Warren,51,205 Miguel Road Apt. 075,West Brittney,Delaware,70442,-125.908914,5.974982
Julie Shaw,30,0625 Elizabeth Knolls,South Emilyberg,Kansas,30183,172.033208,-43.6891455
Keith Sanchez,20,9439 Lee Bypass Suite 958,Petersentown,Utah,34764,-178.407365,-8.437191
John Brown,18,9733 Bruce Light,East Rachelport,South Dakota,34088,-130.753302,89.2113865
Jennifer Riddle,43,651 Higgins Drive,West Brettfort,Illinois,00583,-17.092038,-39.8131375
Stacey Mack,24,78047 Perry Throughway,Robinstad,North Carolina,86119,64.645110,39.4888705
Brad Hickman,31,309 Good Ridge Suite 883,East Philip,California,66184,-87.867393,59.6828885
Thomas Johnson,27,02492 Patrick Mountain,South Andrewstad,Florida,06917,-30.737277,41.7152355
Rodney Lawrence,71,6985 Taylor Inlet,South Tamaraville,Iowa,94748,-71.357475,0.0774605
Antonio Dodson,59,225 Andrew Station Suite 683,Petersonstad,Arkansas,35245,-107.930174,69.5914955
James Jenkins,32,194 Nicole Station Suite 006,Zimmermanside,Utah,91410,164.464824,33.0650855
Laura Foster,78,333 Pruitt Way Suite 093,Kellymouth,Virginia,30307,46.517331,-51.312068
Eric Torres,28,48218 Sarah Corner Suite 377,Nicholasport,Louisiana,31250,-13.457901,-57.929926
Brandon Kaiser,25,13094 Cox Locks,Lake Carolynville,South Dakota,34608,-126.245136,70.4356595
Roberto Lewis,67,589 Boyd Plaza Suite 995,North Brian,Indiana,99805,78.509052,-1.570015
Mr. Robert Houston,30,652 John Place Apt. 837,Port Ashleybury,Rhode Island,69491,98.585534,75.4799075
Daniel Mccoy,57,7762 Smith Harbors Suite 551,Weaverton,New Mexico,16586,-50.522164,76.068239
Laura Meyers,79,2228 Williams Oval Apt. 112,Jenniferside,South Carolina,97544,-166.661205,86.2477715
Samantha Lynch,69,9021 Miller Passage,South Lisa,Washington,61074,-29.485431,-83.836170
Anthony Richards,70,04263 Nancy Unions Apt. 635,Cooperberg,Illinois,69374,-53.214141,2.6663485
Kathryn Ramirez,33,31350 Miranda Ville Suite 439,South Kathleenburgh,Maryland,67933,-136.193258,-32.332161
Cheryl Phillips,24,2377 Jensen Parkways,Stephanieview,Michigan,81548,-76.634216,46.111875
Jennifer Brennan,78,58303 Brittany Manor,Contrerasside,Alaska,91647,46.869817,-61.1894065
Raymond Kelly,29,386 Michael Oval,Malloryland,Pennsylvania,06946,18.210730,-6.0295615
Sean Poole,77,2571 Rodriguez Drive Suite 325,South Caitlin,California,68533,86.200303,10.926192
Jessica Little,46,400 Smith Place Suite 285,West Mark,Hawaii,81921,-110.333895,-19.387319
Daniel Jones,25,454 Allen Point Apt. 316,Mcdanielmouth,Florida,77143,171.422408,43.3812465
Steve Mcdonald,69,966 Kevin Causeway,South Paul,Oklahoma,97324,-146.386151,87.319029
Bruce Spence,27,159 Sarah Ramp Suite 980,North Nathanielmouth,Oregon,52151,128.628924,38.208832
Gabriela Knight,58,477 Ryan Stream,Darinborough,New Mexico,51405,-31.243698,74.0709765
Rhonda Hall,35,6985 Thomas Prairie Suite 339,Hobbsfort,North Dakota,65302,-38.256655,56.5957255
Stacey Terry,59,490 Santiago Springs,West Carlosland,Arizona,43708,36.203212,83.5247985
Norman Collins,22,11827 Patrick Wall,Tonyview,Hawaii,44796,121.171177,-78.527796
Justin Burns,69,582 Ortega Knoll Apt. 255,South Lisaborough,Louisiana,37330,-16.679970,6.9827305
Steve Murphy,27,19913 Miller Points Apt. 444,Kristenside,Louisiana,01732,-42.453805,-16.9755635
Jack Torres,44,563 George Mountains Suite 413,South David,West Virginia,89766,163.712087,84.907693
Mr. Richard Ford,73,7890 Christine Garden Suite 202,Anthonymouth,Alaska,57143,-47.664613,-59.931215
Andrew Ortega,61,0203 Conley Drive Suite 019,North Anthony,Washington,57723,-150.821082,-79.200561
Tanya Pollard,53,54946 Mary Highway,Sharonborough,Wisconsin,38012,-14.986886,79.1079335
Jason Blair,80,81240 Peter Overpass Suite 714,Denisechester,Kentucky,98554,136.628957,-73.415393
Amanda Stark,70,9364 Christina Dale,Port Sarahland,Hawaii,11588,-179.944100,80.262755
Drew Evans,72,0650 Rachel Shore,Matthewshire,Massachusetts,92802,-167.452038,39.8693625
Cathy Mendez,34,450 Carroll Falls,Braunland,Indiana,43473,-111.284945,2.5019325
Chad Barrett,76,920 Brittany Court Suite 365,Herbertburgh,Massachusetts,35908,-141.743131,48.507296
Edward Adams,38,91035 Sharp Run Suite 081,Lake Maria,Connecticut,71020,122.617455,48.520228
Cheyenne Prince,62,2979 Krystal Pine Suite 577,North Cindy,Georgia,52043,23.126544,54.027099
Daniel Clark,63,13861 Thompson Drives Suite 769,Lake Kristina,Wyoming,20830,-20.055202,81.467206
Brittany Hawkins,38,8500 Tran Land,West Alyssaborough,North Carolina,92804,-90.388264,-66.6501615
Thomas Robertson,36,6448 Turner Roads Apt. 326,Jenniferland,Minnesota,56515,144.016266,10.6000105
Sarah Craig,54,255 Stone Lake,Port Joseph,Michigan,00719,175.211267,-36.6336575
Jeremy Jones,64,28193 Jon Plains,Petersonshire,Nebraska,72741,-62.139296,-65.6194865
Thomas Marshall,41,28617 Donna Stravenue Apt. 354,North Melanie,North Dakota,37038,-129.990117,-55.056725
Patrick Flores,48,876 Armstrong Way,New Donaldmouth,North Carolina,72567,163.560517,-13.810480
Paula Velasquez,23,8829 Baxter Village Apt. 262,Alexisview,South Carolina,24892,-164.249468,-4.617404
John Todd,80,69155 Stanley Manors Apt. 224,South Eric,Michigan,50730,69.261750,81.075740
William Phillips,22,9669 Ashley Street,Ewingfurt,Maine,23734,-49.998589,-41.6691995
Christopher Sanders,50,31092 Mann Forest,New Kayla,Montana,19831,110.559412,-13.9732225
Kristen Sanders,18,1951 Thomas Crossroad Suite 098,Dennisland,Arizona,36736,38.475572,43.0014665
Abigail Garcia,26,38744 Fuentes Village,Simpsonfurt,Colorado,81169,122.016616,-4.347536
Ashley Wu,19,8573 Johnson Path Suite 973,Josephtown,Colorado,28521,-132.061309,49.4069385
Amanda Berg,67,62655 Margaret Mountain Suite 706,North Eddie,Maine,80636,177.893955,13.583046
Maria Koch,43,48697 Ronnie Summit Apt. 077,East Jenna,New Jersey,47183,34.806951,2.0138455
Martha Simon,65,88845 Wallace Locks,Brandimouth,Alabama,18359,70.756595,-34.4746345
Gregory Mcmillan,42,15682 Yu Place Suite 281,South Valerieberg,South Dakota,41089,77.069492,35.799847
Daniel Dorsey,56,1733 Dunlap Walk Apt. 331,Port Rebeccatown,Arkansas,55857,-48.118864,-83.917823
Samuel Pennington,44,9169 Nicholas Trail,North Matthewside,West Virginia,05743,7.828622,-48.233220
Matthew Berg,50,445 Melissa Fords,North Brendan,Maine,38953,59.988537,-13.7887035
Mary Bell,46,7909 Bartlett Shore Apt. 328,Jennifertown,Massachusetts,27296,134.159815,46.692843
Virginia Ford,20,971 Johnson Burgs Apt. 041,Boydborough,California,93042,177.782307,-60.4159145
Travis Johnson,35,77718 Ramos Terrace Suite 584,Justinbury,New Hampshire,87136,-10.464179,8.744373
Michael Soto,58,0930 Stout Summit,East Lindatown,Maine,46448,-175.951778,-76.4653635
Alison Andrade,63,66526 Keith Keys Apt. 298,Mariaburgh,New Hampshire,39472,130.383187,4.0731235
Cynthia Gonzalez,57,652 Scott Mission,Wardville,Massachusetts,97928,-120.647087,14.6861545
Jennifer Cross,57,81823 Theresa Mission Apt. 793,Dantown,Texas,99150,-105.540017,50.212066
Noah Martinez,29,6487 Marsh View Suite 892,Lake Kimberlyport,New Jersey,63757,-154.452707,54.100368
Cynthia Turner,20,99333 Gina Stravenue,Duartestad,Florida,84754,102.813376,-32.579830
Robin Martin,18,5731 Marquez Well,Lake Tracy,Georgia,22631,-36.845284,21.2416045
Laura Rios,36,08874 Diane Ports Suite 614,North Johnside,Alaska,88478,-37.252470,-1.1065335
John Robinson,75,08731 Craig Ramp,Ariasstad,Idaho,99515,172.622670,32.2368255
David Beasley,49,776 Luke Springs Apt. 788,New Anthony,Montana,04501,-140.154702,58.785104
David Bryant,64,5156 Lindsey Field,West Shanestad,Iowa,85398,176.823753,-65.9119985
Dennis Lawson,32,42774 Vincent Village Apt. 479,West Crystal,New Hampshire,87966,132.128798,-40.1330505
Tonya Smith,73,13531 Ryan Stravenue Apt. 974,Duranfort,New Hampshire,37044,59.251471,-45.591065
Daniel Harris,76,9209 Sampson Mountain Apt. 797,Lake Jackfurt,Illinois,68569,173.756058,88.106016
Anthony Chen,61,0790 Lawrence Mall,Michaelborough,Vermont,49724,165.308438,33.783549
Shawn Richards,30,463 Richards Harbors,Jeremyborough,Idaho,81516,31.158211,85.2493345
Jason Parker,44,9007 Andrews Highway,East Marco,New Mexico,77150,-43.740437,50.3271595
Roger Carson,64,62184 Kaiser Burg Apt. 109,Lake Cindyview,Nebraska,39239,121.177718,-68.0530335
Pamela Steele,44,9626 Robert Glen,West Michael,Michigan,92675,86.318248,-89.653058
Micheal Hunter,29,840 Rebecca Meadows Apt. 730,Edwardsside,Georgia,04508,32.161260,38.939396
Joshua Alexander,24,28756 West Shore,South Mark,Maine,37091,-127.918424,-23.4790665
Gabriella Malone,75,535 Melissa Brooks,North Lindsey,Virginia,16795,152.003504,31.6982215
Monica Wood,34,292 Clark Loop,North Heatherton,Idaho,02683,-136.139081,-88.540662
Charlotte White,30,179 Richard Groves,Lake Adam,Colorado,32156,179.563039,-27.815302
Breanna Moore,54,0095 Raymond Dam,Parksmouth,Connecticut,89652,11.623799,43.7615795
Phillip Dominguez,52,03977 Matthew Walks,Jeanetteside,Tennessee,92491,69.320967,39.3381535
Joel Walker,53,720 Brewer Parkway Apt. 606,South April,Georgia,40231,174.060478,-73.5021425
Kristin Moore,53,1631 Amy Creek,Anneburgh,Iowa,55846,-122.740083,68.396126
Chad Mata,80,5636 Hall Lodge Apt. 457,Amandaton,Idaho,51190,36.173007,-14.075192
Keith Frank,45,9572 Vanessa Expressway Apt. 480,Kellyside,Hawaii,28680,-62.626610,-5.475854
Keith Guerra,77,711 Alex Plains,Lawrencechester,Texas,24764,155.058570,64.6896795
Jack Hodge,69,344 Jackie Ports,Jamesmouth,Colorado,46369,-84.009972,-27.8208885
Jay Kennedy,59,00483 Brad Stravenue,Ashleyshire,Montana,87463,1.114274,7.178882
Michelle Adams,51,7426 Cindy Gateway Suite 950,Port Bryan,Massachusetts,85043,99.133371,-62.310034
Brittney Moore,48,092 Brian Center Apt. 763,Port Joshua,Maryland,66811,-87.672009,61.377157
Betty Huerta,67,087 Erika Plains,Gonzalezmouth,Arizona,11660,-32.185064,-69.990770
Theodore Hammond,71,02387 William Plains,Patrickchester,Alabama,55177,167.268790,-26.425348
Johnny Martin,73,6019 Callahan Plains,Jasonmouth,Alaska,64993,-11.258144,-53.334457
Erica Arellano,59,120 Paul View Apt. 238,East Jameston,South Carolina,38137,97.431483,42.6969215
Christopher Sheppard,49,6412 Steve Route,Port Amberberg,Wisconsin,83778,60.348341,-33.7011525
Sandra Thompson,74,58287 Roberson Lodge,West Jessicastad,Pennsylvania,16210,0.887942,-58.8143985
Tammy Rivera,18,29547 Lopez Pine Suite 164,West Diane,Iowa,68106,69.431835,-11.885270
Megan Robles,51,82899 Laura Station,Butlerfurt,New York,30129,36.453598,76.586325
David Rivera,46,742 Hartman Loop,Port Tyler,Louisiana,63431,-86.633840,-78.619021
Travis Saunders,78,7537 John Crossing Suite 625,Lake Kurtbury,Illinois,85895,92.140308,39.7369735
Robert Nelson,58,29392 Vargas Cliffs Apt. 763,North Louisview,Pennsylvania,41888,-52.047535,-49.614833
Lori Reyes,73,784 Hannah Forest,Amandastad,Wyoming,99352,172.569471,-28.6907815
Cheryl Guzman DDS,75,33088 Salazar Manor Suite 923,New James,Alabama,56213,107.137481,-3.405996
Angela Rocha,44,5995 Jordan Groves Apt. 803,Jennifermouth,Nevada,28987,54.610803,-11.260076
Whitney Alvarado,31,038 Roach Crossing,Lake Kenneth,Arkansas,46498,130.452622,-49.5744695
Dr. David Rose,22,1306 Chad Trafficway,Lake Juliebury,Delaware,19393,-155.404553,-55.1712205
Jennifer Moses,24,131 Porter Port Apt. 583,Smithview,Texas,88269,-116.261739,-26.4110665
Stephen Bradley,76,23668 Stuart River Apt. 178,Jamesport,North Carolina,89496,-38.691400,78.824586
Thomas Harrison,18,32294 Jeffery Run Apt. 182,Kelleychester,Rhode Island,55708,-53.471044,-55.465757
Nicole Stewart,62,326 Doris Ridges Suite 167,West Frederick,Vermont,27208,-93.573824,-7.597653
Michelle Riley,42,7695 Laura Row Apt. 131,Andrewshire,Colorado,47132,-123.058701,-49.9383635
Tammy Decker,49,652 Jones Mill Suite 310,Velasquezview,Hawaii,43937,-156.053008,-24.4045235
Stephanie Haley,49,7895 Sarah Alley,South Angelhaven,Vermont,94134,61.798506,0.214347
Nathan Olson Jr.,75,872 Johnson Circle Suite 416,Beverlyfurt,West Virginia,03886,58.682969,87.285205
Alyssa Moore,40,0981 Tanner Cliffs Suite 895,Brendaburgh,South Carolina,87434,-128.438981,13.519244
Kimberly Mcbride,20,2840 Heather Summit Apt. 984,Riosland,Utah,08408,-44.137143,-36.0165275
Allison Johnson,33,2629 Singleton Mountain Apt. 917,South Justin,Pennsylvania,55713,-92.945879,68.4257805
Dennis Nash,53,13108 Sims Crossing Apt. 479,Markshire,Idaho,82434,29.150700,0.108313
Mitchell Stone,23,861 Payne Islands,Kingland,Kentucky,98431,18.667578,-5.5639725
Leslie Reese,78,16339 Thomas Points,Kingfort,New Jersey,10451,120.722594,-84.479354
Angela Webb,55,896 Arnold Islands,Jeffreyhaven,New York,49473,-102.033548,14.7468855
Tina Bates,59,088 Griffin Manors,South David,Oklahoma,76342,-15.995361,-38.415725
Rachel Lester,41,89070 Williams Parks,North Michael,Hawaii,50627,-154.434075,-46.584503
Sheila Barton,28,4501 Christian Run Apt. 575,Fredton,Rhode Island,63718,-44.416867,70.4885795
Alexander Owens,52,7912 Shane Divide Apt. 914,South Matthew,New Jersey,72021,-28.109744,-88.7942855
Melissa Mercer,43,35074 Davis Lake Apt. 730,Port Jennifer,Florida,30274,58.583029,58.838170
Adam Tucker,39,0808 Richards Station Apt. 866,New Aprilburgh,Michigan,22131,-96.778405,-68.6921495
Edward Smith,79,1159 Randy Fords Suite 062,New Stephen,Maine,63941,-30.995891,-60.8065695
Brian Strickland,24,6974 Christensen Shoal,New Sheilamouth,Florida,79032,-130.588177,32.074116
Alan West,70,370 James Burg,West Jameshaven,Virginia,73277,152.558744,70.6222305
Samantha Kane,66,52558 Brandt Hollow,South Lisa,Pennsylvania,38253,-87.942184,46.341868
Amy Delacruz,58,659 Jeffrey Fork,Fowlertown,Louisiana,29463,119.606069,-37.5280515
Brandon Montgomery,51,9661 Acosta Fall,Wileymouth,Ohio,82351,-86.693705,-24.641067
William Harrell,49,0084 Campbell Circles,West Caitlyn,Kentucky,49737,130.607127,-73.9193365
Blake Brown,73,11696 Doyle Ridge,Hallbury,New York,77582,-48.364105,30.190613
John Foster,74,587 Thomas Fall,Port Evan,Iowa,19255,20.383211,0.728406
Mark Medina,64,355 Jennifer Coves,South Benjaminton,Tennessee,60047,-172.500417,-89.315365
Peggy Cole DDS,27,27430 Williams Ridges Suite 549,Brooksburgh,Kentucky,37519,-90.105456,76.576190
Bradley Richardson,38,45799 White Crescent,Murrayberg,Colorado,86185,-15.576083,-52.2164545
Taylor Williamson,25,3508 Tiffany Wells Suite 803,Williamstad,Montana,44098,-43.088213,-60.366285
Karen Mason,26,7234 Lori Keys,Greenborough,Indiana,12555,-98.031560,-9.335515
Katherine Brown,36,4231 George Alley,Willistown,South Carolina,44371,122.980599,-61.6576235
Michelle Woodard,56,79299 Owens Avenue Apt. 954,East Laurieborough,Colorado,66380,-39.244893,79.523028
Nathan Garcia,66,5809 Juan Road,Townsendtown,Idaho,49431,93.274928,77.3570885
Shawn Rivers,26,79614 Le Island Suite 392,New Alexburgh,Washington,61567,-144.492553,-65.6333755
Anthony Smith,64,458 Wayne Wells,Port Anthonychester,Wisconsin,38111,146.942577,-89.1323785
Michael Mueller,40,3140 Hubbard Mountain Apt. 100,North Sarah,Tennessee,28432,78.320450,39.2607455
James Shelton,77,0965 Gaines Passage,Lake Heathertown,Nebraska,73322,58.962591,59.8006925
Breanna Cuevas,59,506 Barbara Prairie Apt. 106,Woodland,Alaska,08146,-38.880645,-68.6430255
George Smith,76,181 Hernandez Fort,Port Alexandriachester,Maine,44470,-169.661595,-72.7382535
Ariana Hernandez,29,56753 Cole Expressway Suite 084,New Carrie,Nevada,08391,41.984569,-27.5289815
Kristen Chapman,74,6121 Phillips Parks Suite 426,Robertport,Maine,81441,101.286322,3.962422
Daniel Johnson,48,859 Kyle Island Suite 297,New Kathleenmouth,Tennessee,01298,-92.687124,-69.8306685
Gregory Meza MD,21,63504 Miranda Ferry,Coxhaven,Colorado,15860,165.546292,-2.235651
Pam Moran,67,61678 Alyssa Isle,South Angelicaport,Colorado,22630,81.233619,10.726137
Christina Mccoy,71,1720 Norman Road Suite 034,Natalieberg,Rhode Island,19085,-118.890325,3.6748565
Courtney Garcia,23,8343 Alexis Corner,Lake Michaelside,Vermont,17668,29.738373,38.080937
Hannah Alvarez,38,879 Brown Expressway,Port Amy,North Carolina,81754,157.833866,-58.708497
Elizabeth Parker,28,551 Natalie Camp,Leestad,Pennsylvania,72923,-40.336431,-29.306196
Jessica Bailey,48,750 Rodriguez Road Suite 366,Zacharytown,Pennsylvania,03279,46.464823,-41.643386
Kyle Johnson,77,40044 Kristen Burg Apt. 599,Fuentesfurt,Louisiana,43726,-88.814928,75.126656
William Williams,62,4298 Ball Landing Apt. 176,Jeremystad,Michigan,08768,81.769901,-18.433748
Cheyenne Campos,67,4736 Frederick Street Apt. 560,Garcialand,Vermont,76639,86.947325,28.3284055
Katherine Hahn,68,264 Timothy Meadow,Williamborough,Delaware,10134,-151.117542,10.609294
Daniel Wright,78,6763 Michele Cove Apt. 845,Lake George,Idaho,84457,-4.353846,-46.8059125
Sheri Arellano,38,7420 Guzman Junctions,New Amy,Vermont,44213,-8.820444,82.171388
Andrea Garcia,32,898 Timothy Club,Kellyhaven,Kansas,29818,21.305412,-75.110531
Chad Morgan,18,352 Lawrence Junction Suite 667,Tinaborough,Illinois,78606,-107.064115,-30.899459
Andrea King,66,966 Pena Throughway,Port Aprilstad,Connecticut,06243,-102.573065,-45.029011
Christopher Johnson,19,9209 Joseph Route,Port Tyler,Ohio,65331,94.689470,45.1667355
Tyler Santiago,24,1926 Jennifer Radial,Wolfville,Arkansas,17005,-72.603623,-65.292961
Maria Mckee,56,63779 Denise Radial,South Joseside,Florida,12522,-178.440988,-58.8310445
Michael Jackson,42,53302 Michael Prairie Suite 470,New Jason,Pennsylvania,99098,62.398744,46.4000855
Paul Wise,64,02122 Pamela Locks Suite 348,New Shawnside,Rhode Island,73135,-165.059545,37.403199
Matthew Dalton,71,7386 Sanchez Port Apt. 455,North Evan,Minnesota,68639,175.569975,72.0699375
Julie Kane,67,5329 Dustin Wells Suite 240,North Courtneyshire,New Jersey,33428,118.115712,-29.8751165
James Bryant,35,8820 Webb Camp,Davidberg,South Dakota,65876,-119.231133,40.4673795
Jessica Richardson,47,95179 Park Prairie,Pruittstad,West Virginia,06494,-160.341708,-36.854848
Jenny Gross,18,2262 Meyer Stravenue,South Crystal,Florida,02789,104.025722,-84.1072875
Stephen Johnston,42,737 Richard Square,New Debramouth,Maryland,27697,-155.899439,-56.379621
Jasmine Moore,28,37028 Smith Prairie Apt. 749,Brenthaven,Utah,82513,11.379422,33.8586765
Nancy Fitzgerald,64,2166 Davis Cape,Kevinmouth,Colorado,30357,-21.223836,28.222847
Mitchell Wells,60,7596 Jessica Island,Lake Sheila,Idaho,75140,95.072886,-5.2792575
Jason Cantu,30,293 Malone Gateway,New Laura,Oregon,29881,-104.817505,57.9554395
Randy Schroeder,66,5216 Cynthia Haven,Griffinbury,Florida,33551,111.685581,-60.6145895
Jacob Martinez,78,190 Franklin Isle Apt. 713,North Andrefurt,Alabama,16860,-155.831536,7.1562215
Shannon Parker,72,9639 Steven Point,West Jessica,Georgia,36971,-166.254943,47.9497155
Paul Mcdonald,47,24235 Michael Circles,Kochfurt,Oregon,52704,102.275383,36.8330765
Kevin Casey II,70,613 Mikayla Plains,East Staceystad,Wisconsin,15658,-12.721061,53.6313185
Jennifer Willis,42,1264 Winters Hollow,Lake Robertstad,Washington,80194,42.222332,76.5705075
Tricia Huber,73,5146 Adam Glen,Rogersstad,Missouri,01113,-131.483050,85.0308295
John Burns,20,646 Thomas Port,Medinamouth,New Hampshire,12574,-151.410627,3.1410325
Brian Walker,21,59041 Hardin Street Apt. 795,Jessicaburgh,North Carolina,48501,-158.423244,-72.821710
Edwin Welch,64,0714 Contreras Radial Apt. 029,East Christinahaven,Arizona,17369,156.251401,28.992442
Jennifer Rivera,52,176 Santiago Loop Suite 398,Greenville,Virginia,61824,-78.422002,-27.4061295
Matthew Andrews,49,8087 Stuart Stravenue,Amberview,Oklahoma,20633,-170.693864,-87.283990
Julia Cameron,68,195 Nancy Keys,Lake Joshuaville,Alabama,36845,-164.116399,72.842262
Debra Turner,69,18668 Oneill Pike Suite 271,Mirandafort,Kentucky,18738,33.155857,24.831820
Anthony Brown,21,7717 Coleman Extensions Suite 500,West Kristenfort,Idaho,25949,84.962188,-50.9098215
Tom Nielsen,20,0624 Richard Mall Suite 247,Haydentown,New Jersey,56350,-162.239145,-35.8573195
Laura Brooks,35,4165 Crawford Junctions,North James,Virginia,74572,120.010156,66.9441965
Victoria Rodriguez,24,3431 Derek Mission Apt. 162,Edwardsside,Vermont,93982,94.150828,-12.0971825
Dale Chapman,67,02847 Miller Well,Kristinashire,South Dakota,25345,115.644953,61.4392035
Tamara Reyes,19,51477 Mcdonald Cliff Apt. 888,Dominiqueborough,Connecticut,10717,82.946011,-67.290487
Joshua Dixon,59,710 Robinson Road,New Justinside,Hawaii,31824,-175.496148,0.438450
Kathleen Bailey,67,66469 Simpson Lane Suite 910,Hernandezborough,Nevada,23213,31.415941,34.383850
Cynthia Adams,54,881 Taylor Ways Suite 094,Lovestad,Michigan,10373,-147.723078,36.098193
Tanya Schaefer,19,344 Mccoy Field Apt. 670,Fuentesland,Arizona,00581,-46.318725,60.7862995
Tiffany Santos,20,87730 Richardson Squares Apt. 060,New Johntown,Colorado,14206,-102.499156,-66.577371
Rebecca Stout,18,52025 Flores Brooks Suite 374,Greenside,Wisconsin,81386,-106.680603,-41.526897
Alyssa Erickson,48,45603 Luke Valley Suite 144,Audreyfort,Delaware,61986,-55.631046,36.9064345
Jason Moon,66,472 Flynn Course Suite 646,East Ralphfurt,Louisiana,92386,152.667387,31.316445
Wanda Yu,48,39555 Black Trace,Kathrynhaven,Colorado,97972,113.793274,6.822786
Kimberly Gray,72,6420 Vaughn Lock Apt. 452,Fernandezport,New York,21735,-86.802369,79.0409805
Edward Orozco,61,808 Robert Corner,Port Jonathan,Michigan,09634,155.258813,7.1364055
David Wilkinson,32,4273 Rice Estate Apt. 431,New Alexandrafort,Maine,46915,-42.767002,89.098648
Thomas Mccann,60,04242 Erin Crest Suite 376,Wallsbury,Florida,06366,-86.448705,-18.5834295
Sara Maldonado,60,779 Tony Lane Suite 445,Brianburgh,Delaware,76133,-160.836782,26.959156
Paul Nguyen,31,1998 Tyler Key,Lake Ericview,Vermont,42066,46.999953,-36.6992495
Dustin Byrd,35,820 Justin Turnpike,West Thomasfurt,Virginia,74195,-101.499969,3.6704295
Tyrone Lyons,25,9419 Amber Lane,Dustinfort,Illinois,97366,110.431037,79.013122
Ricardo Daniels,59,8075 Mckenzie Mill,Susanbury,Mississippi,92678,130.091184,48.1946535
Stephanie Patton,47,63888 Wong Cliffs,North Thomas,Idaho,81102,176.717540,-68.9159345
Christopher Ward,19,13370 Soto Branch,East Michaelmouth,Vermont,66449,154.055045,-12.606450
Laura Green,28,596 Miller Avenue,South Steven,Idaho,82945,-85.665346,61.6498905
Kelsey Gomez,77,59333 James Circles Apt. 130,North John,South Dakota,37493,174.646341,44.8059495
Mr. Mike Jones DDS,43,7564 Diaz Isle Apt. 924,Gallaghermouth,Illinois,54158,-43.656265,-79.0698905
Yolanda Perkins,20,632 Brandon Keys Apt. 292,Brianborough,Massachusetts,70146,94.832663,-1.0437155
Andrew Johnson,52,0589 Molly Vista,West Scottville,Oklahoma,53440,136.274191,75.2253205
Martha Lucas,78,9099 Lee Passage,Reyesfort,Arizona,24549,93.352522,0.248210
Mathew Young,75,0376 Holmes Club,New Michaelbury,Tennessee,38801,-120.379269,-58.8411325
Cheryl Escobar,79,4804 Walker Courts,Timothybury,Missouri,15084,36.890784,8.100976
Chris Scott,63,465 Jeffrey Trail Suite 822,Larsonshire,Alabama,73543,-130.796462,11.1686585
Jennifer Phillips,46,066 Tracy Shore,Samanthaview,Connecticut,48461,27.379430,-66.390834
Mark Walters,77,82790 Jessica Field,Mitchellside,South Dakota,02681,-53.094346,-26.707844
Sharon Black,68,7094 Erik Fork,North Nicole,New York,51563,-44.637479,-63.248797
Megan Grant,48,018 Stevens Falls Suite 569,Barryton,Kansas,13822,-60.152262,42.431073
Michael Steele,65,45071 Leslie Junction Suite 519,North Sarah,Michigan,97201,78.680688,73.4212495
James Mack,78,9052 Patricia Estate,Leeberg,Mississippi,07624,-34.992366,57.0537015
Kelly Cortez,43,5992 Jamie Corner,Richardshire,Massachusetts,14448,111.286012,40.1232875
Elizabeth Rhodes,43,86021 Teresa Prairie,Dawnborough,North Dakota,65134,29.947801,43.439552
Cindy Bartlett,56,1849 Jeremy Greens,South Kiarafort,Washington,37565,139.079451,-74.6132705
Lee Montgomery,41,01641 Michelle Rapids Apt. 909,Juanstad,California,12406,94.273691,-88.467784
Kevin Williams,28,9138 Nicholas Walks Apt. 896,Lake Courtneyshire,Alabama,81078,157.902835,42.377098
Maria Johnson,67,46090 Lloyd Crest Suite 288,Vargasshire,Wyoming,31057,37.609339,-47.077231
Jasmine Burke,31,589 Knox Summit,North Rachelmouth,Rhode Island,55324,39.752360,53.728296
Elizabeth Schmitt,46,4914 Kelly Ramp,South Yvonnestad,Alabama,77445,82.708164,75.066938
Jared Ruiz,47,88576 Walker Haven Apt. 796,Garzaview,North Dakota,17117,49.670011,71.051021
Terri Jones,50,94626 Miller Spurs,Annmouth,Michigan,28177,12.160786,34.067179
Philip Hernandez,45,20969 Hart Pines,North Jamesview,Kansas,59044,-1.111608,17.005732
Cody Brown,32,745 Jones Lane,Port Daniel,Colorado,50562,175.479772,39.3908975
Joshua Turner,45,79464 Foster Falls,Lake Sandrabury,Louisiana,47605,36.337957,87.045147
Michael Johnson,56,1035 David Burgs,South Richardmouth,New York,05034,172.057931,-37.222603
Frederick Anderson,51,973 Smith Flats Suite 966,Yolandabury,Massachusetts,90239,38.862852,-66.497981
Kevin Terry,41,82837 Diaz Overpass,New Joseph,Louisiana,35280,157.101589,-54.4706595
Holly Gutierrez,62,3766 Jessica Mews Apt. 356,Myersshire,South Dakota,41177,-175.755112,36.5642755
Kathryn Palmer,46,6434 Shawn Parkways Suite 153,South Darin,North Dakota,93881,-94.217884,-76.6677935
Amanda Miller,52,566 Peter Walks Apt. 578,East Meganfurt,New Jersey,98088,-48.224738,-41.512963
Brandon Casey,45,574 Hall Mount Suite 064,Lake Kristieshire,Kansas,95044,-96.639998,-40.7653445
Shaun Andrews,35,53641 Charles Manor Suite 117,East Ashley,Virginia,71164,-4.072460,39.501362
Shane Davis,50,433 Moore Station Suite 850,North Jillchester,Florida,43563,-106.382288,58.4616425
Michael Adams,29,51932 Joseph Hill Suite 470,Emmafurt,Maine,15785,45.336638,84.264663
Cindy Oliver,28,7580 Fletcher Key Suite 025,North Edwardberg,Delaware,81498,31.997382,76.6348545
David Johnson,40,43681 Patrick Neck,Grayton,South Carolina,85671,133.389425,72.5577925
Francisco Wright,34,955 Stephanie Garden Apt. 874,Sandersburgh,Louisiana,13394,177.622991,8.069059
Dana Ramirez,68,2001 Penny Estates Apt. 961,Millerberg,Hawaii,39878,-45.417660,60.6594615
Stephanie Young,49,233 Mia Keys Apt. 246,Jamiestad,Iowa,45271,34.704563,71.5499295
Fred House,28,35026 Moore Center,Port William,Rhode Island,65371,-122.826974,-20.869685
Angela Rowe,58,9855 Gregory Common,North Timothyland,Oregon,92317,61.028788,-52.504807
Brenda Taylor,35,07912 Henderson Loop Suite 880,Lake Adam,Georgia,18243,-125.893210,-65.805753
William Montgomery,21,302 Zimmerman Fords Apt. 153,Nathanton,Kentucky,68618,-149.343644,7.0123555
Bobby Wallace,39,716 Coleman Pines,Lambview,Maine,09696,14.608066,5.011303
Courtney Harvey,61,9328 Blake Park,Ryanport,North Dakota,42914,-12.148407,-72.3016205
Michelle Murphy,75,9494 Amber Wells Apt. 877,East Hunter,Iowa,38380,102.860003,28.955020
Amy Norris,34,6013 Anthony Islands,Andrewton,Kansas,89034,113.848422,44.6880925
John Freeman,32,76663 Martinez Hollow Apt. 249,Smithton,South Carolina,64601,178.797008,8.085647
Austin Martinez,24,569 Jacqueline Island Apt. 682,Lake Markhaven,Wyoming,80600,44.905032,9.6690185
Joyce Hudson,65,509 Michelle Grove,Joshuaport,New Jersey,30724,-147.134838,-26.417055
Melissa Moreno,73,7783 Edwards Ports,Port Heather,Louisiana,52742,-38.976788,64.7895965
Alison Vega,68,24918 Harry Inlet,Evansstad,Arkansas,53249,-143.463268,10.903531
Cheryl Lewis,71,7280 Johnson Park,West Sandraburgh,Florida,75817,-104.205608,74.740978
Sean Figueroa,53,7967 Williams Course,West Tina,Delaware,88710,166.803542,-38.563220
Jennifer Smith,71,50819 Chad Points Apt. 674,South Ruth,Vermont,65883,4.744061,68.629721
Kim Lawrence,80,6105 Vincent Summit Suite 340,North Brendaview,Idaho,05403,-19.907694,-88.008290
Jessica Allen,59,10764 Kelly Circle,Lake Deborah,Minnesota,68007,68.180630,69.795185
Thomas Padilla,20,175 Randall Roads Apt. 010,Laurenfort,Oklahoma,09022,-152.834488,-48.4759985
Tiffany Brown,58,7200 Peter Lake Suite 026,Gregstad,Indiana,02226,-145.377905,-44.6698885
Jeffrey Andrade,79,94473 Nicole Place,Port Tyler,Kansas,69423,174.061247,-10.741131
Ricky Morgan,65,822 Mark Squares,Jamesstad,West Virginia,42891,128.511780,-48.6871685
Kelly Fernandez,19,622 Troy Drives,Christinamouth,North Dakota,49253,179.411539,-78.444905
Krista Castro,32,945 Carolyn Crest,West Thomas,Wisconsin,04823,65.145784,26.2814325
Katie Moore,56,5369 Kelly Trace,Jamesshire,Vermont,87958,136.648916,37.401153
Yvonne Ayers,21,025 Ortiz Roads Suite 404,Darylview,Colorado,45015,-156.358625,-86.794595
Luis Ramos,36,045 Sharon Rue,Calvinport,Wisconsin,44747,-145.311251,-54.448928
Lisa Bullock,22,2866 Lynch Dale Apt. 835,Vazquezville,North Carolina,95678,-23.606471,-87.688384
Jorge Hayes,55,906 William Brooks,Lake Robert,Virginia,30134,29.230689,-66.508441
Karla Jones,21,003 Olsen Forest,Lake Stephaniechester,Wisconsin,93726,-46.519914,69.3935485
Julie Benjamin,74,83869 Shepherd Freeway Apt. 162,Lake Cassidyview,Michigan,61438,86.909161,-4.680666
Maria Mckinney,40,4876 David Isle Suite 180,Justinburgh,Texas,64832,-82.791024,-73.9587185
Ellen Hunter,60,8109 Eugene Motorway,West Charleshaven,Louisiana,83756,68.115154,-84.4293255
Dr. Rebecca Nichols,74,836 Blake Walks,New Kaylamouth,Oklahoma,73890,-148.594890,40.3675745
Brenda Martin,72,0043 Jones Hill Apt. 540,North Lucasville,Utah,31086,-158.475951,17.7610335
William Weber,64,57933 Moyer River Apt. 612,Andersonmouth,Delaware,11276,107.735044,-72.4127045
Natalie Snyder,54,91027 Katherine Forges Apt. 197,West Matthew,Virginia,20029,169.032894,-14.0421755
Barbara Peters,55,418 Evans Key Suite 175,Jenniferchester,Iowa,73028,131.817061,-47.1684975
Kimberly Gray,57,957 Turner Squares Suite 765,Suefurt,Nevada,13890,-33.509274,10.0546515
Michael Whitehead,58,59984 Lucas Port,Bellville,Mississippi,82896,-79.352130,-42.762373
Laura Lopez,47,4904 Baldwin River Suite 095,Carrollchester,Georgia,18456,88.696450,-4.5691765
Jennifer Murphy,53,9292 Raymond Ford Apt. 465,New Zachary,Michigan,09788,-174.623291,-37.7124005
Leslie Pugh,41,36374 Stacy Mall,Longview,Kansas,85232,-175.841263,-26.322893
Ann Huber,72,992 Judy Terrace Suite 821,East Mariaburgh,California,04251,49.918967,-75.9391565
Isaiah Marshall,56,0943 William Lodge Suite 203,Lake Michaelborough,Arizona,78898,-42.817421,54.3117145
Patrick Olson,45,4579 Lindsey Via Apt. 541,Port Bradley,Hawaii,48592,-33.452557,56.902520
Timothy Mitchell,20,2211 Brooks Stream,Claudiaburgh,Virginia,96758,-83.451652,17.7965065
Darryl Elliott,49,8696 Robert Lake,North Jessica,South Carolina,03673,-24.051901,-47.9395455
Renee Wilson,77,904 Brooks Manor,North Laurenfurt,South Carolina,70676,9.174198,-84.3607875
Erika Jackson,80,9490 Connie Extension Suite 417,Lake Lisa,New Jersey,93609,161.057595,-26.118648
Michael Cohen,47,09331 Russo Pines,Piercechester,Ohio,74460,-22.698982,29.2969085
Cody Fisher,21,558 Mcguire Extensions Apt. 209,Phillipsbury,Alabama,45785,-137.608829,82.277620
Dominique Spears,18,58419 Davis Villages,Edwardsview,New Hampshire,77236,-113.305048,-23.227984
Allison Edwards,76,64983 Baker Green,Jacksonland,Oregon,62467,-132.949102,75.796771
Stacey Donovan,43,52163 Lauren Underpass,Port Crystal,Vermont,91299,-89.846368,-15.8680095
Kevin Taylor,60,837 Tina Well,Lake Ashlee,Missouri,54372,-74.759012,88.308722
Kathleen Johnson,61,221 Melanie Locks,Woodhaven,Maine,86091,89.067976,13.8826015
Edward Gibson,38,507 Mario Inlet Suite 822,North Matthewville,Alaska,52398,-74.032390,-83.6332865
Jordan Ashley,28,7168 James Pike Suite 719,East Joshuaport,Iowa,92555,23.338309,5.631125
Douglas Contreras,18,458 Denise Club Apt. 900,Brownmouth,Virginia,34634,5.931646,1.6559845
Allen Huber,72,91235 Thomas Trace,Randallfurt,South Dakota,10500,170.169313,18.8196755
James Peck,24,1064 Pratt Shore Suite 851,North Dylan,New Hampshire,86767,-77.234242,-48.3594905
Raymond Cooper,47,5640 Larry River,East Madisonland,Iowa,16694,-122.535091,-0.407327
James Wright,43,58928 Theresa Glen Apt. 219,Lake Valerie,Montana,03056,-146.455923,66.2752735
Thomas Figueroa,62,60766 Crystal Stream,Lake Michael,Georgia,22026,10.948388,71.709198
Andrew White,19,0360 Eduardo Drive,North Andrew,Missouri,66879,-66.528546,-36.849420
Robert Lawrence,74,039 Isabella Expressway Suite 906,North Alexandraland,Alabama,39646,166.275798,-32.5162905
Bradley Rodriguez,33,5716 Gabriel Place Suite 673,Jeremyfort,North Carolina,50753,41.241551,47.976578
Cristina James,73,87694 Burton Drives Apt. 633,North Eric,Nebraska,15154,-38.883242,-88.8935655
Stephanie Salazar,66,757 Alan Creek,Lake Nichole,Idaho,15104,-79.338567,-60.4226535
Dawn Rivera,77,43263 Turner Junctions,West Keith,New Jersey,64948,-53.055663,57.255259
Teresa Koch,29,51390 Rodriguez Vista Suite 705,Pageland,Alaska,94561,-5.928327,-68.8305415
Jeffrey Perry,30,938 Monique Court,Chrisfort,Utah,40500,142.628911,-42.685122
Hannah Woods,28,089 Clark Ridge Suite 447,New Kevin,Oregon,58141,179.463677,57.776114
Jacob Wood,62,494 Walters Parks,Williamston,Indiana,05802,18.589181,4.8834965
Mitchell Jenkins,67,7033 Day Loop,Lake Michelle,Missouri,33862,79.744432,67.670100
Brian Melton,78,8923 Allen Ways,North Anitaland,New Jersey,01782,-25.538816,10.217901
Barry Fields,80,806 Contreras Stravenue,New Ashley,West Virginia,11389,-97.282660,57.387723
Jacqueline Lee,73,52321 Smith Stream,South Lindamouth,Alaska,53262,88.669054,85.7720555
Kayla Nicholson,67,407 Lopez Via,Taylorchester,Illinois,61924,55.873473,71.120870
Lisa Short,59,5818 Patton Flat Apt. 814,Chavezborough,Wisconsin,60425,156.540722,-66.515468
Anna Pennington,62,6431 Wallace Junction Suite 063,Williamschester,North Carolina,45739,-178.023956,-77.1378175
Mackenzie Green,31,642 Nathan Extension Apt. 586,Jonathanport,Washington,31066,103.933298,-4.942778
Jasmine Collins,72,10043 Peter Overpass Apt. 098,South Benjamin,North Carolina,39117,155.816582,-44.375789
Julie Orr,49,464 Chelsea Junctions,Davidport,Hawaii,61737,149.978234,21.601047
Jennifer Martinez,63,588 Bruce Spur Apt. 649,Jamesstad,Kentucky,83210,3.486040,35.057017
Brandon Hall,39,333 Kevin Route,Dwaynechester,Minnesota,68568,30.416390,-33.4112265
Carl Black,56,7390 Bruce Course,North Jacobfurt,Iowa,83191,-178.321225,-61.206944
Jason Jones,53,0393 Dawn Squares,North Kellystad,Montana,05251,138.063572,12.1703595
Jamie Ortiz,67,35499 Brenda Knoll,Amberfurt,Indiana,02549,-15.654951,-85.389827
Travis Hawkins,33,58345 Leslie Crossroad,West Bill,Rhode Island,10682,131.112168,49.7798025
Rachael Curry,45,54774 Anderson Springs,Derekburgh,Wyoming,51197,77.013329,74.0355525
Christopher Andrews,26,2897 Smith Groves,Susanville,Iowa,51465,106.489367,-23.9988535
Miss Tammy Chapman,38,12210 Jeremy Cape,Pennyton,South Carolina,42411,-43.207434,-89.296340
Matthew Reeves,61,7052 Matthew Neck,Port Jamiestad,Washington,06207,-54.901217,13.592766
Gabriela Stevens,24,26836 Samantha Cliffs Suite 442,Port Davidmouth,Georgia,00755,-87.705752,-19.0809535
Todd Ward,74,0090 Ross Drive,New Danielfurt,Washington,90315,-55.390730,77.151993
Jessica Martinez,56,567 Oconnell Villages Suite 305,South Mikeside,Utah,98488,-37.073666,67.7657405
Alexa Young,44,90471 Robin Harbors Apt. 253,Kellyborough,North Dakota,62357,-0.749260,31.490432
Wendy Luna,54,07133 Jones Mall,South Gregory,Wyoming,77221,-118.057728,-16.1222635
Glenn Price,44,2603 Valerie Dale,West Juliaview,Arkansas,26725,-93.655956,-34.8821435
Russell Barnes,62,706 William Villages Suite 613,West Lisa,Pennsylvania,60067,3.397865,-40.2315545
William Frey,79,4105 Eric Cliff Suite 997,Shawnberg,Oregon,12519,-17.092653,-88.826341
Ronnie Perez MD,74,91982 Wilson View Apt. 827,North Joannborough,Alaska,12863,146.574158,16.482364
Brandon Sloan,66,647 Hart Road,East Marystad,Virginia,77591,-134.316285,3.2582905
Bradley Goodwin,22,7817 Rose Shore,East Kevin,North Dakota,09149,10.415625,-81.717024
Aaron Anderson,75,721 Michaela Road,Port Betty,Tennessee,64893,-122.997645,71.278265
Thomas Harris,52,066 Scott Orchard Apt. 134,South Karen,Virginia,88469,-65.552447,89.560442
Joy Smith,60,755 Leon Cliffs Apt. 679,East Manuel,Mississippi,82534,-155.934019,-33.033672
Jonathan Ferguson,74,516 Stewart Ridges,Janechester,Arkansas,27471,173.435560,-24.9090345
Tiffany Thomas,60,950 Francis Camp,Port Erikafurt,Arkansas,96011,-170.329559,-89.764462
Jerry Weaver,66,70971 Latasha Burg Apt. 296,South Barbara,West Virginia,90848,155.031681,68.1562995
Emily Pena,59,497 Brennan Loop,Roblesstad,Pennsylvania,38288,-55.305114,-3.8798405
Mr. Steven Hudson,45,8965 Castaneda Vista,Brettport,Nebraska,67020,8.314679,58.027581
Angela Smith,28,77366 Phelps Village,East Susanberg,North Carolina,75962,-153.237433,68.155063
Abigail Wright,61,1477 Natalie Alley,Lake Louisberg,North Carolina,50545,85.751701,-86.9277505
John Dawson,46,89259 Michael Crossroad Suite 627,North Brian,Wyoming,76313,156.376040,-17.229937
Rose Johnson,79,9590 Murray Brook Apt. 514,Port Juan,Colorado,78008,6.790101,55.6394805
Aaron Powell,79,082 Miller Common,New Leahshire,Ohio,40355,35.947997,59.5470525
Robert Juarez,22,9896 Francis Turnpike Apt. 290,Brianachester,Iowa,38816,50.218096,-17.7745495
Marvin Schneider,78,63463 Day Expressway Suite 444,Juarezmouth,Florida,89080,3.145324,-73.0390985
Kelly Martinez,52,8247 Stephens Station Suite 211,Rodgersland,Florida,68899,-46.661322,13.9871325
Ashley Maxwell,19,9522 Andrew Causeway Apt. 493,Lake Kathleenbury,Indiana,98467,111.021292,-58.9501825
Sara Rose,71,769 Duran Alley Apt. 049,Rileyfurt,Utah,12910,96.876534,-65.6503595
Christopher Roberson,39,343 Devon Road,Antonioborough,North Carolina,92751,-77.690897,-79.0878185
Aaron Cooper,62,98187 Lawrence Ford Suite 794,North Joshuashire,South Dakota,43627,-65.517624,46.673563
Cynthia Garcia,56,216 Kristopher Ports Suite 805,New Wendybury,Wyoming,46410,-8.405739,41.9618735
Norman Gonzales,24,851 Wise Point Apt. 412,Ashleyhaven,Louisiana,17814,40.192478,-39.5964325
Karen Baldwin,31,42447 Dwayne Cape,New Heather,Indiana,79570,18.413100,-9.2892365
Sara Smith,32,2068 Emily Creek,Ramirezmouth,Colorado,56564,1.900473,-39.4363625
Susan Hall,71,13515 Erin Meadows Suite 459,Tamaraton,Alaska,28232,-166.132217,-44.721646
Catherine Hale,20,8839 Mcguire Drive Apt. 668,Butlerhaven,Texas,78408,-134.051895,-36.4974625
Elizabeth Griffin,49,078 Jasmine Ridges,Nelsonhaven,Hawaii,94790,-160.505480,-11.1817615
Jerry Davis,20,539 Gary Road Suite 826,Roseville,Virginia,11961,19.928422,-77.103291
Kevin Day,54,5789 Morgan Manor,Lake Jilliantown,Rhode Island,83235,-79.482838,16.499582
Marilyn Carrillo,77,99572 Kimberly Flat,Spencerfort,Connecticut,85768,96.761027,44.648268
Andrew Phillips,79,00025 Melissa Glen,Justinstad,Pennsylvania,76469,-106.057025,89.620665
Aaron Crane,63,52336 Griffin Light,Boothburgh,Iowa,35678,-1.916548,73.000162
Lisa Duran,26,92720 Gomez Spring,New Elizabethberg,Arizona,77419,77.325347,64.054463
Susan Carter,19,03896 Wilson Passage Apt. 683,Greenfurt,Rhode Island,31762,110.008030,-51.961462
Rebecca Hendrix,52,5646 Parker Pike Suite 938,Lake Kent,Virginia,69266,150.651109,14.8545855
Patricia Scott,61,2268 Lee Parks,New James,Tennessee,84190,-77.700535,-73.1966835
Debra Diaz,54,5638 Rebecca Squares,Christinaberg,Indiana,77967,-68.783493,-38.295346
Jaime Stevens,54,3563 Jones Shore Apt. 840,New Frank,Louisiana,17231,-176.437509,2.975613
Lisa Morris,30,27109 Andrew Terrace Suite 976,Mitchellhaven,Iowa,88650,-74.255180,-41.383447
Theresa Potts,48,064 Patel Trace Suite 420,North Harry,Virginia,70218,60.904444,28.3473845
Parker Willis,60,381 Robert Land,Douglasmouth,Tennessee,68104,-167.354182,-87.936414
Julian Rogers,22,0430 Briggs Freeway,Port Ronnie,Kentucky,76065,102.570180,73.2075905
Crystal Franklin,18,254 Gonzalez Haven,Lake Jennifer,Washington,24601,-118.578457,82.450203
Jerry Burnett,56,6325 Bell Light,Tonyhaven,Oklahoma,23647,-154.521120,-40.0038615
Justin Rosario,26,9826 Brandon Inlet,Garytown,Arizona,09533,89.154512,29.3295055
Stephanie Brooks,36,4951 Marissa Points,Orrfort,Texas,34702,-68.419280,-18.309501
Brandon Collins,27,208 Santiago Run,North Cassandra,Illinois,88792,-37.664202,-19.5479835
Shelly Cook,77,52780 Rivas Junction Apt. 631,Travisfort,Montana,49091,-152.845150,70.354113
Charles Hernandez,40,962 Joshua Mill,South Davidburgh,New Mexico,04414,-74.796535,-55.2700925
Anthony Warren,73,12246 Dunn Stream,Millertown,Hawaii,77738,-177.408596,66.9872895
Ashley Smith,80,83998 Judy Roads,Rodriguezfurt,New Hampshire,76002,113.953112,3.627692
Sarah Smith,22,9518 Ortiz Pike Apt. 607,Stevenstad,Maryland,69068,170.090286,-40.393615
Bryan Bell,35,1501 Ricky Forks Suite 256,Port Madeline,Colorado,70473,-50.831142,-73.8220875
Brianna Zamora,43,95892 Sutton Shore Apt. 016,South Scott,Idaho,91083,-3.574533,-19.8365765
David Fox,29,797 Pratt Valleys Apt. 034,Randychester,Texas,26839,105.944232,31.6629755
Kimberly Sanchez,46,4740 Marshall Summit,West Amy,Virginia,41193,124.802393,-59.998929
Loretta Saunders,66,291 Laura Extension,Antoniomouth,Idaho,99124,-59.177913,-3.257622
Christy Thompson,24,0471 Carroll Springs Suite 293,Lindseyshire,Delaware,53566,-94.033441,32.9498525
Christina Bailey,62,5395 Smith Bridge Suite 495,North Georgeborough,Alaska,22506,-63.583185,20.539235
Lori Stevens,42,6178 Kimberly Alley Suite 014,Petersonberg,Maryland,15196,-159.030375,38.7440595
Isaac Munoz,49,12134 Koch Wells Apt. 853,Lake Shannonstad,Rhode Island,73124,-82.167740,-28.6719225
Kristin Smith,51,6546 Turner Gardens Apt. 276,West Michaelfort,Ohio,59580,7.063942,31.761076
Traci Garrett,42,612 Mackenzie Hollow,Monicachester,Maine,97443,133.137575,30.0697285
Cassandra Barrera,25,08403 Good Crest,Ronaldville,West Virginia,83818,-152.698518,-55.8873295
Ricardo Perez,50,283 Joshua Crossing,Williamsmouth,Idaho,86538,27.231250,-73.716010
Martin Morales,67,3665 Smith Isle,West Angelaton,Massachusetts,15137,-56.900308,-20.7252495
Austin Blake,53,095 Abbott Points,East Charlesfort,Connecticut,35180,64.333958,-6.2896765
Nathan Smith,79,4609 Andrew Burgs,South Angelatown,North Carolina,81120,0.554803,-69.5961195
Judy Lopez,36,99529 Davis Drives Apt. 380,Keithstad,North Carolina,32077,71.055526,-20.4198845
Mark Klein,50,15640 Bush Walks Apt. 330,Williamschester,South Dakota,88775,35.351278,41.6186385
Ashlee Allen,77,8344 Paula Squares,North Johntown,Florida,02175,-14.624315,-37.2672695
Melissa Brown,32,6185 Walters Canyon Apt. 203,Houstonborough,Texas,58297,161.974465,-32.9940365
Michele Williams,35,885 William Pines,East Brendan,Arkansas,69095,-56.621792,67.234573
Samantha White,65,0063 Herrera Grove,North Jennifer,West Virginia,16109,-85.279619,79.3576165
David Potter,58,4836 Smith Wall,Port Diana,Maine,96353,-98.643803,-12.515111
Sean Clark,52,50720 Gray Ford,South Kent,Mississippi,99232,-50.754028,-82.2140105
Katherine Schwartz,19,45596 Joshua Center,Nancybury,Nebraska,51044,-103.213910,32.237649
Kimberly Lewis,32,62705 Kevin Plaza,Millertown,Michigan,57611,144.592691,57.860327
Erika Clark,66,94381 Rodriguez Parkway,New Katherine,New Hampshire,65724,49.178798,-1.215632
Patricia Nguyen,29,574 Russell Fall,Meyerfort,Oregon,54363,-16.981743,-53.814642
Rachael Hunter,70,975 Espinoza Mount Apt. 359,New Karen,New Mexico,56394,-115.892537,53.878283
Mr. Jeffrey Snow,39,0370 Landry Burg Apt. 690,East Catherine,Connecticut,52384,-146.486263,50.036886
Kelly Atkinson,23,0275 Cline Junction,Angelaport,Minnesota,42958,-156.630914,-4.946305
Jonathan Lopez,25,050 Angela Ports Apt. 264,West Michaelburgh,Vermont,09229,-13.032364,-66.439611
Dana Webster,77,20321 Angela Club,Munozmouth,New Jersey,01578,176.175698,-68.9594705
Michael Brown,64,449 Aguilar Forges,Anthonyshire,Alabama,71330,-60.914039,76.3882245
Lydia Lewis,45,292 Lewis Rapids,Port Lindaburgh,North Carolina,49291,42.613729,45.0614555
Brian Duffy,29,5259 Rubio Lock Suite 652,Camachostad,Kentucky,31698,-74.489713,-47.749388
Robert Gross,66,594 Kent Parks,North Keithfort,Arkansas,66335,104.623621,-12.956701
Troy Bernard,71,623 Gray Tunnel,Paulaborough,Wyoming,56140,-19.175777,84.937953
Jennifer Cox,27,12346 Collins Ville Apt. 929,Charleschester,New Jersey,79514,-56.119877,-69.5320875
Bobby Mckee,19,8690 Dorothy Circle,East Patriciafort,Michigan,04590,-103.095458,31.3959535
Juan Cooley,55,810 William Walk Apt. 753,West Erin,Georgia,30268,33.812422,43.4025735
Kevin Smith,47,45184 Mary Crescent Apt. 287,Lake Ryanfort,California,33169,119.491420,6.156733
Dr. Erica Eaton DDS,35,1673 Johnson Union,South Brianna,North Dakota,96535,9.764262,-12.434414
Jennifer Rice,51,669 Catherine Burgs Suite 378,Port Rachel,Kansas,37293,130.159466,68.315091
Andrew Flores,23,94595 Timothy Squares,Kristinashire,Louisiana,09874,58.494164,-17.583767
John Nichols,32,2612 Kyle Turnpike Apt. 693,Sallyhaven,Kansas,08975,40.887708,-8.834120
Matthew Wilson,23,2937 Michael Burg Apt. 223,West Scottborough,Texas,06058,141.069204,83.636962
Nicole Walker,28,1818 Reese Isle Suite 191,New Nathanielland,Kentucky,82100,97.070874,-57.419716
Sarah Carpenter,35,14006 Morgan Curve,Wesleybury,New Hampshire,69259,-105.480598,-5.569171
Emily Hill,35,679 Thomas Stravenue,Fisherside,Kansas,14158,-118.927921,60.2721945
Jonathan Gardner,23,4093 Allen Course,Danielleport,West Virginia,16720,-82.062291,71.930340
Thomas Gonzalez,61,804 Cody Pines Suite 497,East Ashley,Indiana,54904,-99.457157,46.678471
Jennifer Perez,66,6112 Clayton Via Apt. 977,Albertville,Montana,38825,-54.734669,34.727077
Wendy Andrews,31,54408 Pugh Forest Suite 687,New Sara,California,18701,127.749119,11.0824195
Dr. Crystal Ware MD,40,5696 Holland Flat Suite 531,Billyton,New Jersey,36052,-51.079399,-56.4649975
Kathryn Lawson,72,199 Scott Rest,Whitemouth,Idaho,71099,8.466974,86.229160
Kimberly Norris,75,653 Mendez Corners,Michaelview,Indiana,46968,-106.924125,-33.2825405
John Jenkins,19,84549 Jesse Junction Suite 184,Christophermouth,Montana,59075,96.162870,76.331084
Gregory Richard,47,3231 Shawn Shores Suite 067,East Andrea,Kentucky,42408,-148.937185,-53.2154055
Ryan Lopez,65,741 Thomas Run,Floydmouth,West Virginia,73048,78.992446,12.109365
Jeffrey Cox,44,225 Tran Plains,Danielbury,Virginia,34625,55.798358,-15.8242175
Dawn Contreras,32,96016 Morgan Mountains,South Joshua,Idaho,48273,-105.469340,77.049495
Jonathan Chen,52,64108 Fuentes Union Suite 061,New Michael,Montana,49194,13.466514,-68.148731
Andrea Grant,19,159 Rivera Rapid,New Davidside,Indiana,18432,-96.308392,26.2726165
Sarah Peterson,74,059 Thomas Roads Apt. 195,Gordonview,Indiana,91665,-61.200747,78.917066
John Adams,40,4072 Stewart Fields Apt. 068,West Rachael,Maine,31350,-36.263156,74.565156
Emily Ingram,73,139 Diaz Crossing,Nelsonstad,Pennsylvania,08403,53.277011,-52.3907145
Michael Smith,67,79385 Warner Squares,Lake Jonathan,California,12450,-156.654121,53.8225285
Janet Anderson,52,542 Schmidt Club Suite 108,Ryanstad,Kansas,75019,90.771921,15.7914845
Mr. Matthew Campos,18,680 Bradley Turnpike Suite 488,New Anthonystad,Mississippi,74741,-101.846816,29.420789
Jenna Valentine,45,7853 Andrew Street,New Heatherton,Texas,21341,-64.043090,2.8003235
James Williams,71,6795 Kaiser Key Apt. 639,Nixonside,Rhode Island,92464,24.161521,20.5520655
Selena Lopez,49,2896 King Trail Apt. 740,Williammouth,North Carolina,36773,34.267715,28.8126685
Brandon Hall,48,950 Grimes Radial Apt. 615,Glentown,Arkansas,31679,38.382183,-49.6757265
Jasmine Gordon,57,0902 Gary Land,Danatown,Kansas,20186,-22.140508,28.2276065
Rita White,20,15819 Beth Port,South Rebeccaburgh,Vermont,17199,127.357457,-75.9958045
Ms. Caitlyn Pacheco,59,786 Melissa Mall,East Heatherfurt,Mississippi,05674,-139.878353,43.489103
David Jones,23,2471 Brooks Avenue Suite 960,Port Brian,South Dakota,01503,122.027952,-80.084540
Michelle Gordon,61,14968 Michael Trafficway Suite 229,East Jessicaton,Minnesota,72721,-121.482190,52.6496955
Marilyn Ibarra,67,18255 Waller Forges,North David,Texas,31885,-6.640478,33.195581
Michael Thomas,78,9532 Sarah Glen Apt. 483,Jamesmouth,Alaska,43471,-175.259642,76.7464235
Patricia Cook,45,322 Byrd Square,North Hunter,Louisiana,04598,-65.597112,-34.4980545
Nathan Morales,69,83656 Matthew Cape Apt. 047,Juliaberg,Washington,82274,133.903219,-83.5302565
Ryan Pearson,62,059 Veronica Skyway Apt. 643,Connorchester,Nevada,46230,1.487365,63.6602455
Denise Haynes,31,89220 David Burgs Suite 179,Samanthaview,Oregon,85614,-71.905662,-65.6419495
Edwin Castaneda,28,8201 Colin Terrace Suite 776,Moorechester,Delaware,62959,53.815454,-45.596935
Thomas Garza,49,832 Reeves Summit Apt. 858,South Justin,Pennsylvania,82137,45.090487,41.1644625
Erin Jordan,54,75267 Thomas Wells,Eugenebury,Virginia,42994,107.011129,83.2183285
Bryan Cross,74,4789 Keller Street Suite 421,South Dean,Colorado,69470,114.266541,-61.9090805
Megan Brown,24,7487 Isaac Spur Suite 329,East Jason,Delaware,29418,44.391155,-23.2931075
Jacob Mathis,71,031 Martinez Manor Apt. 298,Mooremouth,New York,58587,-26.017766,22.8825705
Matthew Edwards,65,392 Mary Fields,Port Benjamin,Louisiana,36250,147.251408,-3.632522
Carol Taylor,30,604 Jennifer Views,Deborahstad,South Dakota,92900,-172.627749,11.1033365
Daniel Garrett,48,0611 Hogan Villages Apt. 035,Carlaport,Utah,80343,-174.373424,11.4549445
David Ryan,55,7521 Charles Branch Suite 352,Kathrynburgh,Delaware,14359,73.851998,-19.472386
Keith Johnson,76,37440 Tina Lane,East Autumnside,Kentucky,56247,117.000688,-74.0396175
Erik Davis,29,9893 Holland Drive Apt. 910,West Haley,Alabama,76845,-159.913921,-53.382303
Daniel Lewis,54,018 Kelly Mountain Apt. 247,South Bill,California,87331,-118.200382,18.215714
Gary Zavala,40,683 Martin Underpass,West Heather,Texas,67932,-166.162387,29.9602315
Evan Velez,23,828 Williams Underpass,East Annette,Washington,66795,177.401177,-43.9654005
Amy Sanders,25,427 Bryan Station Apt. 746,Webbfurt,Alaska,94165,-52.316375,-15.9294495
Brittany Lang,80,349 Thomas Creek Apt. 051,New Jenniferland,Ohio,42783,77.418880,44.4708195
Patricia Mckay,36,776 Steven Knolls Suite 221,Lake Jasontown,South Dakota,90417,-154.656618,-68.064434
Dylan Phillips,59,417 Jonathan Highway,Ferrellhaven,Maryland,55397,177.841055,-4.7891825
Andrew Bennett,54,03990 Gates Lakes Apt. 875,Jaredland,Texas,96399,-174.866252,-26.952446
Bryan Ruiz,20,42536 Dawson Path,North Samantha,Maryland,62856,76.454636,75.419527
Jasmine Martin,22,2107 Jill Shores Apt. 642,North Linda,Maine,43443,-100.746692,15.869952
Mark Tucker,48,6130 Cohen Lakes,West Peter,Massachusetts,77961,-30.809154,-78.824816
Michael Obrien,44,788 Myers Forge,Nicoleport,Tennessee,74429,-124.223842,45.0880785
Julia Aguilar,58,798 Miller Terrace Apt. 311,North Eileen,Montana,18515,-103.792657,21.567611
Lisa Mendez,60,6209 Michelle Spring Suite 931,Jonesside,Georgia,15553,-44.551747,-83.8405205
Alexander Reid,74,87069 Hogan Flats Suite 872,East Kaylahaven,Hawaii,89610,-165.251475,-42.392567
Stacey Davenport,34,979 Gutierrez Plaza Suite 810,West Debbie,California,86307,99.503097,52.014520
Mr. Christopher Woods,76,7724 Joshua Center,Vancestad,Washington,42429,24.602829,77.526928
Clarence Garcia,42,78043 Waters Lights,Gilbertmouth,Florida,35879,-115.775005,-41.3482505
Emily Obrien,37,216 Michael Isle Suite 442,New Patrickborough,Ohio,61592,-78.357259,11.061928
William Collins,41,8978 Samantha Hills Suite 539,Christinefort,South Carolina,55080,16.504435,-13.290726
Crystal Harper,45,8062 Madeline Lights Apt. 056,Cruzfort,South Dakota,89909,75.659704,45.352597
Scott Brown,25,01573 Bell Walks,South Jasonport,Pennsylvania,19282,54.022232,-38.435054
Sarah Nunez,21,038 David Stream Suite 097,West Gabrielfurt,North Carolina,73556,-74.202570,4.7624045
Carla Rios,22,332 Matthews Mountain,North Rebecca,Vermont,52808,-73.241039,-57.7339615
Anthony Hodge,40,50399 Kathleen Mission Suite 965,East Tara,Mississippi,95431,120.585244,-25.113537
Jacob Hayden,68,97518 Oconnor Spring,Christophertown,North Carolina,23524,-14.439601,29.8841335
Daniel Lee,25,4457 Kevin Summit Suite 726,Loritown,West Virginia,99659,-133.224579,4.6027405
Trevor Bates,78,870 Nancy Spurs,North Benjamin,Mississippi,51515,-78.757274,14.219469
Karen Pratt,26,5304 Amy Lock,South Samanthaborough,Washington,49102,-174.174689,88.5322495
Jonathan Bryan,42,02203 Harris Tunnel,Karenhaven,New Jersey,28933,24.401737,-47.0131705
Donna Hale,79,5669 Morales Well Apt. 004,Sharonberg,Nevada,48629,73.142234,-76.117803
Megan Jacobson,49,166 Allen Villages,Combsside,South Dakota,90462,57.383455,17.1684695
Mary Olson,63,8650 Cannon Field,New Angela,New Jersey,85161,158.271043,-61.546533
Rachel Hansen,46,905 Michael Tunnel,East Nicoletown,Oregon,67775,-16.610676,-4.7750405
Julie Oneal,80,912 Maurice Ramp Suite 624,Danfurt,Nebraska,79949,-108.658567,53.747420
Mariah Santos,72,2050 Jesus Estates,Michaelville,Missouri,45905,43.751239,-71.697771
Jonathan Hayden,39,723 Kenneth Underpass,Lake Kimberlyton,Mississippi,12955,145.055211,-60.0267695
Alyssa Boyd,28,2415 Douglas Causeway,Cortezton,Texas,34735,26.706764,77.588666
Brandon Robinson,46,705 Mendoza Row Apt. 434,Davidbury,Tennessee,41311,90.239728,27.7188175
Andrea Lee,29,6187 Kenneth Divide,Lake Linda,North Dakota,57270,-16.317172,84.4965725
Amanda Brown,42,427 Stephen Crest Apt. 153,Michaeltown,Delaware,91835,-112.462161,-10.4095205
Amy Riggs,70,42497 Potts Vista,Smithbury,Utah,85453,-173.630521,-60.3267215
Cindy Crawford,20,82511 Ashley Manors,West Joshuafort,Georgia,12068,151.555168,21.6164955
Jessica Harrison,42,838 Lee Orchard Apt. 709,Faulknerview,Idaho,43403,61.940688,36.6078535
Kimberly Hicks,49,922 Bryan Summit Apt. 465,Andersonfurt,Connecticut,26156,-115.817056,-65.2588065
Michael Fitzgerald,26,01132 Deborah Run Suite 111,West Lisa,New Hampshire,50086,-65.605312,72.3829955
Scott Taylor,26,662 Albert Road Apt. 099,Kristinborough,Oregon,78595,-44.792359,34.0578775
Brandon Walker,31,9895 Laura Prairie Suite 164,Port Claytonfort,Virginia,83094,8.845520,-28.649577
Willie Hall,44,826 Johnson Burg,Luisborough,Arkansas,84997,-37.795523,35.6548565
Elaine Andrade,75,26924 Kelly Lodge,Gilbertfurt,Louisiana,71251,50.184750,-72.8674425
George Hancock,63,9792 Jennifer Islands,Veronicafurt,Texas,15188,148.756079,66.357150
Madison Watson MD,26,4837 Andrea Union Suite 619,Taylorshire,Vermont,11960,102.488288,-52.064975
Catherine Wright,40,52339 Carson Isle Apt. 054,New Joshualand,North Carolina,46024,102.302390,-45.870247
Edward Walsh,31,642 Castaneda Streets Apt. 272,West Kimberlyside,Kansas,80672,-10.065536,39.5011155
William Ward,50,027 Buckley Dam,South Patriciamouth,Oklahoma,43073,53.016166,-61.5408075
Thomas Curry,30,777 Alvarado Center Apt. 354,Haasmouth,Utah,07818,113.159589,88.8731395
Haley Adams,32,86821 Melissa Ranch Suite 327,East Kellyberg,Delaware,76348,173.404128,72.9028035
Mr. Robert Garcia DVM,73,62915 Gwendolyn Circle,South Timothymouth,North Carolina,93969,171.547178,-3.7973985
Rebecca Garcia,57,92733 Schaefer Prairie,Donnaland,Tennessee,36935,80.454235,-63.511958
Emily Scott,30,245 Palmer Groves,Clarkshire,Maryland,22541,150.774774,-53.4319945
Shelly Green,49,551 Michelle Creek,North Julie,New Jersey,28907,-133.442225,-48.516221
Andrew Mckay,49,1310 James Cliffs Suite 521,Nicholasmouth,Kentucky,93053,94.539771,-86.4271815
Kenneth Villanueva,27,064 Sutton Locks Apt. 472,West Daniel,New Mexico,20088,-106.926620,89.202756
Jennifer Jones,51,237 Melissa Islands,Trevinostad,New Mexico,43148,-22.575809,-47.140113
Jessica Bennett,19,697 Allison Streets Suite 737,South Brittany,Arkansas,76639,-60.559221,-65.2082545
Michael Oconnor,67,7013 Ward Knolls,South Lucas,South Dakota,94495,115.288386,-40.859915
Nicholas Cook,21,16043 Perkins Coves,Jensenchester,New York,35793,-92.676292,72.1300945
Mrs. Julie Sanchez,49,45198 Peterson Spring,Mahoneybury,North Dakota,91239,-135.217147,73.576021
Jeremiah Le,26,064 Sandra Forks Apt. 104,New Brianna,Kansas,38062,117.199239,33.7662305
Daniel Hall,19,183 Ricky Wells,Barbaramouth,Arkansas,62518,103.928537,56.2061585
Michele Kim,33,86001 Carter Plaza Suite 052,Powellberg,New York,56075,167.455766,60.456772
Kristen Johnson,36,4276 Sheryl Brooks,Mejiaville,Mississippi,62996,-165.922956,-55.3490735
Megan Buck,53,9358 Michael Rue,Wheelershire,Alaska,97261,-58.458762,-2.5398595
Jimmy Johnson,52,73899 Darrell Spring,Kyleville,Virginia,19156,58.739218,33.9651905
Robert Logan,41,540 Joshua Turnpike Apt. 531,Lake Jennifer,North Carolina,65216,114.758050,-48.987540
Heather Hart,46,41405 Moore Drive,West Robertville,Mississippi,07348,98.463994,59.4463335
Alex Hancock,41,951 John Pines,Edwardsstad,Tennessee,79884,38.988719,-16.576845
Stephanie David,21,098 Torres Wall,New Jasmine,West Virginia,87573,-18.274886,86.716847
Scott Davenport,28,99754 David Parks Suite 490,South Mary,Vermont,66961,135.220097,64.603886
Arthur Barton,30,057 Curtis Run Suite 523,North Amandafurt,West Virginia,51154,-54.521626,73.6694305
Vanessa Waller,64,73442 Bennett Club Apt. 306,Thomasview,Louisiana,04385,130.370117,-71.582008
Maria Moreno,67,026 Johnson Cliffs,Jacobsport,Rhode Island,46751,19.671334,50.1618155
Paula Bryant,42,905 Quinn Estates Apt. 930,Ginachester,Kentucky,96526,32.940114,-67.8029355
Philip Ball,80,0376 Andrews Common,Jimenezport,South Dakota,76679,39.438151,41.663630
Kimberly Peterson,44,2931 Contreras Parkway Apt. 636,South Molly,Delaware,23407,-37.865681,67.8703955
Joseph Garcia,27,00358 Lori Dale Apt. 078,South Nathaniel,Montana,21632,-4.441293,-62.995148
Darren Flores,28,62458 Woods Common,South Alexander,Iowa,15556,-17.966148,48.303127
Stacey Sandoval,76,0261 Amanda Glen,Fernandezport,Kansas,71483,-26.752806,-45.7664135
Troy Smith,80,911 John Neck,South Karl,West Virginia,75023,-3.811060,36.5161395
Linda Jones,44,5498 Gibson Drives,Josephfurt,New York,47829,9.736238,-49.6076115
Christopher Oconnor,78,971 Atkinson Landing Suite 127,Port Michael,Georgia,72484,-96.814363,30.789929
Amy Clayton,44,62915 Wood Isle,Kingland,Iowa,97880,-174.632730,16.0282775
Patricia Larson,23,849 Bobby Dam Suite 545,Port Katherine,New Mexico,44591,144.973546,1.502467
Darryl Joseph DDS,66,67972 Michelle Street,North Christy,New Mexico,49086,-110.040371,-84.218404
Anna Mayer,46,977 Alexander Pine Suite 404,New Jennifer,Iowa,41548,-63.807851,-4.9454755
Victoria Oliver,71,9167 Luke Mews Suite 412,Lake Laura,Massachusetts,25327,-44.405431,-83.1755365
Danielle Newman,67,76780 Benjamin Club Apt. 884,West Derrickhaven,New York,63661,90.626694,49.6701635
Grant White,54,7653 Kayla Circle,Allisonmouth,Connecticut,06420,-3.567965,-56.9111555
Katherine Walsh,42,98094 Sean Ranch,North Michaelville,Kansas,39147,-85.823873,27.4721595
Jasmine Stevenson,18,19143 Nicole Wall,Brittneyberg,Nevada,19530,146.168152,18.854066
Donna Elliott,34,152 Marshall Springs,Cartermouth,Montana,77409,55.247182,85.950288
Scott Miller,60,915 Harry Branch Suite 822,North Amber,Arkansas,54466,174.736597,-73.4356695
Jessica Parsons,61,970 Hoffman Way Apt. 861,Jillview,Minnesota,22345,130.582067,-81.989371
Morgan Jones,41,608 Theresa Flats,Kimberlyshire,Washington,67067,-85.988660,83.9466685
Patrick Wright,28,6387 Danielle Stream,Reedmouth,North Carolina,43315,-46.376978,66.0545645
Bruce Moyer,70,8262 Michael Lock,Gibsonburgh,Alabama,81553,-168.020058,26.3040385
Ashley Guerrero,59,8366 Sandoval Field Apt. 801,Mcconnellhaven,Iowa,99039,99.252996,16.8991105
Matthew May,33,9607 Fields Ridges Apt. 249,South Ashley,Delaware,70304,-112.515293,46.5402175
Michael Garcia,70,606 Mcguire Fort Apt. 918,Thomasport,Vermont,90187,-174.619969,-60.4266845
Jennifer Schwartz,48,56834 Brooks Vista Apt. 067,West Dustin,Utah,48310,-169.351895,-51.191684
Renee Heath,68,291 Dana Motorway Apt. 120,Port Scottfurt,Tennessee,21081,96.899256,8.813287
Amanda Ray,47,933 Stacey Views,Johnstonchester,Massachusetts,17219,-66.537287,79.315625
Blake Nolan,55,41176 Orozco Green,Floresville,Massachusetts,19898,-81.413665,11.407020
James Garcia,51,89411 Kelly Shores,Richardsonberg,Rhode Island,58097,116.280226,45.8259795
Benjamin Brown,29,16723 Mcdonald Turnpike,Justinshire,Colorado,91423,-51.856196,42.9143335
Randy Schmidt,45,60220 Courtney Spring,Rodriguezberg,Connecticut,05133,2.791606,-86.049249
Connor Kelly,31,464 Daniel Mountains,Patriciaside,Maryland,70332,59.748548,-22.5343635
Justin Shepard,46,2618 Wallace Meadows Suite 916,Millerhaven,Michigan,81340,-141.522478,21.222714
Deborah Baker,58,320 Samuel Mall Apt. 193,New Marcus,Arkansas,06224,-138.253065,-5.6561385
Christine Thomas,46,25726 Julian Walks Apt. 915,Bakerstad,Idaho,41187,-84.030444,41.4204095
Mark Valentine,67,73116 Garcia Rapid Apt. 801,North Jeremiah,South Carolina,08008,-171.024998,68.256740
Amanda Brown,22,8585 Adams Path,South Douglashaven,Arizona,11181,166.205222,-35.773578
Patricia Brown,26,256 Adam Lodge,North Danielleview,Arkansas,75192,-111.615016,-49.674280
Jesse Wilson,59,142 Brown Bridge Suite 516,Williammouth,Connecticut,94060,-89.852623,-72.127493
John Ayala,61,63462 Huber Stravenue Suite 680,Charlesside,Michigan,69063,-51.834112,-3.579934
Ashley Frank,77,9254 Zachary Village Suite 481,Gutierrezview,Alabama,31736,-25.782250,55.640461
Angela Schwartz MD,18,36428 Mark River Apt. 776,Taylormouth,Vermont,63370,179.545542,-60.2149025
Wayne Wilson,55,895 Jasmine Union,Lewisport,Louisiana,90455,151.851639,71.6069805
Christopher Thompson,71,5340 Watson Flats,New Kristen,Hawaii,45305,110.284407,27.7177185
Sarah Underwood,80,826 Cole Shoals,East Henrymouth,Maine,39779,-154.167406,1.726517
Crystal Bolton,64,80568 Long Well Suite 373,Hickmanmouth,Mississippi,04523,-165.050336,67.799999
Aaron Gonzalez,29,644 Shelton Centers Apt. 175,West Jeffreychester,Kentucky,37505,-83.641859,-31.917234
Jessica Cole,55,20411 Gregory Mall,South Brandonstad,Pennsylvania,83092,8.934008,-0.473097
Erika Vaughn,65,54886 Buchanan Center Apt. 966,Emmaport,Ohio,75544,128.322679,54.4415065
James Johnson,43,8471 Mark Center,New Patricia,Mississippi,93010,-28.068542,-75.7557935
Megan Ray,56,0675 Hannah Branch Apt. 525,Jeremyhaven,Montana,61782,4.849428,-68.8884655
Barbara Oneill,22,33746 Katelyn Pass Suite 414,Carpenterfurt,Kentucky,04769,-41.363338,-49.1561585
David Carter,24,82688 Taylor Hills Suite 213,Leonardland,Arizona,26615,-104.226949,56.229934
Robert Adams,73,0460 Mark Parkway Apt. 547,West Williamview,Washington,58304,163.206685,-16.4558895
John Ramirez,78,1669 Michael Ferry Apt. 335,Bradyborough,Minnesota,19273,-170.086610,-43.176277
Michael Collier,68,10005 Ramirez Causeway,Wellsport,Florida,55458,142.165190,78.9884755
Brianna Shepherd,49,411 Lawson Fork Suite 149,Guerrerotown,Colorado,18493,-143.390730,-17.7412735
Seth Day,74,502 Nicole Run,Jonathanshire,Florida,46977,-100.736235,22.261185
John Garrett,27,61879 Merritt Court Apt. 408,Alexshire,Arizona,35236,114.513944,-47.0523315
Keith Edwards,45,6778 John Mountains,Lake Kelseyshire,Maine,22283,116.791592,-26.986719
Yvette Heath,22,96828 Jessica Route,Patelmouth,Texas,56552,16.549109,-5.3049255
Timothy Baird,73,3598 Stephanie Inlet,New Jeremy,Delaware,70571,-5.394642,-27.150822
Jon Jackson,54,6737 Martha Ramp,Michaelborough,North Dakota,44265,32.608757,75.4604145
Kenneth Moss,22,00329 Carroll Cliffs Apt. 287,Sullivanland,Kentucky,37557,119.394469,13.2714845
John Armstrong,31,35048 Clayton Springs,Brownside,Illinois,03546,59.338203,66.570222
Sabrina Mendoza,41,23419 Xavier Shore Apt. 784,Mccormicktown,Pennsylvania,90693,143.632034,36.1057045
Sarah Russell,24,8450 Hill Station,Courtneytown,Idaho,73625,-107.965050,-15.8141875
Gregory Carroll,51,009 Ashley Mission Apt. 474,North Kylieburgh,Mississippi,15959,-97.182827,-72.0350835
Michael Mack,53,9290 Dominguez Lock Apt. 104,Port Melanieside,Colorado,25530,143.478104,72.0365035
Hannah Oliver,24,011 Lee Lights,Dianaville,Delaware,65943,72.815714,-72.8204235
Justin Newman,19,6815 Paul Station,Leview,Connecticut,63095,178.685989,81.4533895
Tracy Murray,56,532 Theodore Vista,Port David,Ohio,27816,-146.179103,4.655330
Deborah Lopez,43,23059 Jesus Plain Suite 275,Dawnhaven,Delaware,45268,-74.413930,-88.2641335
Eduardo Harvey,72,167 Garcia Mountain,West Jamesview,Florida,85450,110.265465,-11.335476
John Newman,53,01694 Tiffany Locks Suite 447,Cochranside,Washington,62547,89.049217,-73.3483645
Judy Morrison,73,062 Gary Light Suite 478,Kellyville,New Jersey,79138,-37.621438,-82.4789005
Joshua Brady,49,456 Bryan Springs Suite 459,Jacobsonborough,Alaska,61861,-179.826140,54.592770
Heather Rodgers,75,28108 Kimberly Well,Denisechester,Montana,75350,112.025352,31.248168
Heather Smith,25,516 Elizabeth Dam Suite 402,Port Donald,North Carolina,70768,-67.762979,-49.937594
Abigail Obrien,75,13182 Deborah Key Suite 092,Port Amy,Washington,76143,-55.799992,-20.970169
Cheryl Mercado,18,2057 James Crest,Adamchester,South Dakota,98322,147.747145,-63.2715185
Caitlin Barker,33,37924 Patrick Squares Apt. 625,Snyderfort,Nevada,17627,-68.936668,-48.474922
David Humphrey,58,34343 Christopher Fort,Port Terriburgh,New Jersey,22860,171.266652,11.166822
Brandon Weaver,40,317 Rivera Meadows,Peckville,Ohio,38861,-69.024966,-9.127699
Nancy Moore,29,7970 Torres Drive,Mendozachester,North Dakota,53210,147.860888,74.653768
Courtney Duarte DDS,39,88523 Breanna Squares,Port Dawn,Nevada,02425,-95.818097,89.6288195
Michael Johnson,32,98419 Melissa Crossing,East Kelly,Nebraska,74768,121.623216,60.496835
Samantha Villanueva,32,94573 Vicki Ports Suite 947,South Joseph,Louisiana,96646,147.576957,22.1728055
Beverly Allen,66,28983 Smith Plaza Suite 456,Jonesbury,Massachusetts,34911,-178.040191,-80.8327215
